time_s,u,y
0.0,-0.5751108303105836,0.3122438999760006
0.02,-0.6220993166194774,-0.2036971232715194
0.04,0.08025479526353546,-0.3397519308110534
0.06,1.2524723497116306,-0.3167857332506673
0.08,-0.32389662147366177,0.005900000517925039
0.1,-1.1016437567606532,0.19533298082258777
0.12,-0.7987351061217752,-0.3398800213569783
0.14,1.7774511121114445,-0.4337771276101093
0.16,-0.3504098615772675,-0.18388854380461245
0.18,-1.1836250641849182,0.2525997251597748
0.2,-0.3022892878974984,0.08476579870685583
0.22,0.29827317660283587,-0.550339591548656
0.24,0.2871020714501013,-0.395892386722958
0.26,1.8630305107527658,-0.35130572836248225
0.28,-0.19139729793680396,0.21631733582124668
0.3,-1.54564573401307,0.5107470153354868
0.32,1.508860040333287,0.06298339677756701
0.34,0.2870095032733602,0.5297827280253502
0.36,0.30000190493599066,0.4243625426234086
0.38,-0.6790304942926411,0.5122910130435131
0.4,-1.0356338683299615,0.501422436522606
0.42,1.5807695824286596,0.05601914871614562
0.44,-1.5177162457649291,-0.08809214269490784
0.46,-0.6201256783781701,-0.12358584596858023
0.48,-1.146867109399292,-0.4935894283101484
0.5,1.4436946534628072,-0.5404819350247414
0.52,0.32228070741198306,-0.7366412115060346
0.54,-0.7082746784670266,-0.05415577425430704
0.56,0.7131900347206027,-0.12025146480134191
0.58,1.9445045519534288,-0.15106889724306938
0.6,-0.9627354962136402,0.3211858207021859
0.62,-0.8935283137902637,0.6611101245240955
0.64,0.39996180180184965,0.32880414965898663
0.66,0.24263528471519386,0.06677235994661536
0.68,-1.1358868343996653,0.06959395772006854
0.7000000000000001,-0.6383676031063455,0.02883920667442154
0.72,-0.01925942961052375,-0.6423137676674162
0.74,0.8641139067448292,-0.4570222213272189
0.76,-1.4871802302776653,-0.770552469956721
0.78,0.6720632911899885,-0.5164003210443845
0.8,0.5077730085525273,-0.44977285657148364
0.8200000000000001,2.058899100667885,0.15674016957080633
0.84,-2.397219925153993,0.4791899740495687
0.86,-0.34143716541983377,0.16184106801502923
0.88,-0.39436600774427505,-0.3660932435505251
0.9,1.5376945130007649,-0.511635204459822
0.92,-1.180694807994338,-0.061308921474666364
0.9400000000000001,-0.5536459650677403,-0.18106018119543776
0.96,0.2650932491280237,-0.3776745064252235
0.98,0.631106365652501,-0.1854274358297385
1.0,0.5079075564717527,-0.12039065788723285
1.02,-1.298173686939686,0.14533207316559005
1.04,1.9953555351110634,-0.1075955988798214
1.06,-0.695840028912146,0.045090207724215764
1.08,0.46154386689301846,0.22022783204762433
1.1,0.993867466752402,0.19535617537433264
1.12,-0.35557681902348237,0.5327094322436051
1.1400000000000001,0.5626827718060513,0.6694643652291978
1.16,-1.539135791125201,0.6477627505424786
1.18,-0.12175184260462911,0.3113444926691561
1.2,-0.5469081575202287,-0.11446252383691843
1.22,-1.581464675415443,-0.46150498909912774
1.24,-0.7101176371329816,-0.902766354984999
1.26,-1.0683301285402995,-1.2574651221422495
1.28,0.9790498495005723,-1.1285142843947316
1.3,-0.8604312556681926,-1.178721402369235
1.32,-1.6213092635863207,-1.03987476529373
1.34,-0.22810207619529926,-1.1551130382032613
1.36,-0.37293733865626555,-1.2863520065162104
1.3800000000000001,2.686264288431484,-1.4323135828468967
1.4000000000000001,1.8651449017702242,-0.7560547938662517
1.42,0.17307336674645923,0.3978698889330119
1.44,-0.8335529684788846,1.0886680295045401
1.46,2.397183074310078,1.1907332508632644
1.48,0.2914595489529246,0.9019931303313541
1.5,-1.8120982973548794,1.4263135785840515
1.52,0.4110612931132611,0.9534440071953663
1.54,-1.8237792720158315,0.39998575530240965
1.56,1.3030167658735998,0.012930590004089956
1.58,0.4196593534117252,-0.3580470357217671
1.6,-1.242308415293468,-0.17080773386910095
1.62,-0.6754737022321733,0.022055842993554467
1.6400000000000001,-2.3637309271316744,-0.8645443187698285
1.6600000000000001,1.8078080101470122,-1.0409398591117516
1.68,0.061515944550117524,-1.0551458739718742
1.7,0.6805455201036975,-0.6600477632263705
1.72,1.365045970195392,-0.3982455263830988
1.74,-0.47239666846616,0.5491367551856161
1.76,-0.6498909827907781,0.9036635017005494
1.78,-0.5547359734554009,0.056731625922607276
1.8,0.2878461120037918,-0.03168089297696959
1.82,-0.9442685030865876,-0.26900168764808274
1.84,-0.422331907300688,-0.5203059522990461
1.86,0.2600603396040004,-0.43804639994162287
1.8800000000000001,0.1126034765414661,-0.7341727950601348
1.9000000000000001,-0.6562219631346289,-0.5785949877019093
1.92,-1.2211658256353948,-0.31747564213832413
1.94,-0.6543990822853525,-0.5558071392653877
1.96,0.656762075166698,-0.9576171102194602
1.98,1.4043867876130853,-1.0219581343086916
2.0,1.2067264072707709,-0.4312353081625936
2.02,-0.3355963085080421,0.328249923755799
2.04,0.670317155149419,0.7616258325961599
2.06,0.39270099148770127,0.6604014523078371
2.08,1.598841364174742,0.6877111778012512
2.1,-0.8714250507302435,1.018492275748324
2.12,1.2716514708970874,1.2182854072013838
2.14,0.4110044918535655,0.7949001454884573
2.16,-0.16683684974119012,0.8704550032800434
2.18,2.6827703919064376,1.137167323505305
2.2,1.992737424069045,1.1786593078379202
2.22,-1.686310926344033,1.950984081219605
2.24,0.13997390705365448,1.715983211699657
2.2600000000000002,0.8070309042981835,1.2645576556930853
2.2800000000000002,1.2173533761471307,1.2467777409844008
2.3000000000000003,-1.3102936203067854,0.9854507296635089
2.32,0.48416692664476635,0.8249085480987366
2.34,0.24961217938512528,0.5274856295959326
2.36,-0.8406502612159998,0.5925311045678958
2.38,0.8671780759745665,0.008106500695005486
2.4,-0.5717668564153212,0.2589734779777365
2.42,-0.04635826692719106,-0.022379959012356038
2.44,-1.0642025661374708,-0.0892597419409774
2.46,0.5019604731550423,-0.16797840934722882
2.48,0.5411787717584974,-0.3277801632269375
2.5,-0.3477159329376596,-0.1587259401997559
2.52,-0.9340402764675436,0.02293882992773688
2.54,0.0019263888768412184,-0.13716404578750624
2.56,0.27609646641155305,-0.5392309748074813
2.58,0.18788648849290165,-0.38150217703721706
2.6,-0.27590766721749427,-0.2634708602730175
2.62,1.1022161936576527,-0.15528299945335602
2.64,-0.37760011747333383,-0.10151954897268609
2.66,0.06896936764678915,0.3780731584847573
2.68,1.7039995643017982,0.23722906476708283
2.7,-0.927109086247135,0.40977124675146787
2.72,0.036712759048100424,0.6247009824027676
2.74,0.3134951474041088,0.5593468896365384
2.7600000000000002,-0.8302896093450514,0.5792890995175255
2.7800000000000002,-1.5125589808031141,0.0031797083813046995
2.8000000000000003,-1.0677976760636527,-0.3461194773895797
2.82,-2.3420758754231135,-1.045773340341325
2.84,-0.006815761123321509,-1.3151133134663808
2.86,-0.09086039480606323,-1.8918387976889082
2.88,0.7608761287284633,-1.8658886292356252
2.9,2.056154493713785,-1.1228824747563761
2.92,0.18388885266158536,-0.13668960973897706
2.94,0.21396051140314548,0.2986611957318014
2.96,0.5320733865122912,0.5670084784700996
2.98,-0.5460323003748319,0.7172590113375329
3.0,-1.6737757373813804,0.609379927231225
3.02,-0.842223865735649,0.03941734194612974
3.04,0.16125140056093593,-0.5571161905912758
3.06,-0.033247624252173376,-0.7410506943628478
3.08,0.028213100754802753,-0.34280488531405123
3.1,-0.6845755435031904,-0.5401035077063328
3.12,0.04171673287287739,-0.556349305255582
3.14,-0.37289109536217213,-0.32182900773632384
3.16,-0.18530532905776734,-0.5500295365384171
3.18,-1.4223037137312675,-0.2559766300563838
3.2,-0.956455076878489,-0.6144864893596642
3.22,-0.008256783037621514,-1.1132092102102822
3.24,1.63818616724587,-1.0062452302159932
3.2600000000000002,0.08179155706535961,-0.8830749003538504
3.2800000000000002,0.6347742153300381,-0.08623754630706623
3.3000000000000003,2.0460773832231505,0.0637698696623965
3.3200000000000003,0.2866290952029204,0.8387936202612258
3.34,-0.34788164185977866,0.9600777694637045
3.36,-2.157292139477988,0.9951707198930876
3.38,-0.3869590856864879,0.4258282738893518
3.4,1.3113657494669624,-0.019118205259613857
3.42,-1.1076994414741033,-0.23864276146126184
3.44,-0.40452972324438446,-0.13526573587907675
3.46,-0.21416697730440187,-0.2814962736289458
3.48,0.2250907065855229,-0.5653714889752494
3.5,-1.1632504879192325,-0.3456748417950709
3.52,0.8542562708958751,-0.556904454304105
3.54,0.6166240164108543,-0.6640338117933942
3.56,-1.1302826095050147,-0.11508752656590467
3.58,-3.127065556227376,-0.1210268724163418
3.6,0.6407890471495179,-0.9499403770730778
3.62,0.13488219492691647,-1.3751603382713817
3.64,0.01395675622294804,-0.9566902987594852
3.66,-2.0137690488085345,-0.9947013287396061
3.68,-0.9281610439329882,-0.9382864732150633
3.7,-0.3328430312388471,-1.5608062544064123
3.72,0.2243771454829965,-1.5108761601749516
3.74,-0.14916932520794793,-1.0129399279266034
3.7600000000000002,1.0076525603831898,-0.9303415248771939
3.7800000000000002,-1.274490955607433,-0.593223266766952
3.8000000000000003,-1.3715311568460162,-0.5985013595876154
3.8200000000000003,-0.10365680264421748,-0.8260892543954024
3.84,1.2813814459807102,-1.0377935520345851
3.86,-1.4707409100945195,-0.6283007077328416
3.88,-1.6125315762262045,-0.5444349214378539
3.9,1.822115516115299,-0.7122160082760894
3.92,-0.8336336775427236,-0.8816553191863459
3.94,0.08261288546868915,-0.6655284537245237
3.96,1.4714751447214098,-0.38166114287135905
3.98,-1.1406374432192161,0.059268778543354717
4.0,0.07833101235698216,0.07832677758531906
4.0200000000000005,0.5096641337057621,0.03888784436715557
4.04,-0.20809896000716846,0.09008171995607203
4.0600000000000005,-0.3918152278812096,0.320307816802218
4.08,-0.7730690768484798,-0.024410720984128165
4.1,-0.4830233990936503,-0.24260181885777046
4.12,1.105681862478324,-0.405289053594525
4.14,-2.4598122779979774,-0.6609650060407752
4.16,0.40294628249770664,-0.7824339553257651
4.18,-0.05938143109839323,-0.84851226951786
4.2,0.021965839015122602,-0.7694239562740985
4.22,0.015681955217573554,-0.5710044873146765
4.24,-0.07329521735808225,-0.5178083594373357
4.26,0.6357713670048413,-0.3337588490885997
4.28,-2.2016065114447048,0.3110978445244609
4.3,0.7973386892123614,-0.3208122926396223
4.32,0.7211654212991812,-0.510402796345377
4.34,0.04268756302743358,0.03791562369630558
4.36,-0.11891114810361031,-0.0892483466036802
4.38,0.9787241118740098,-0.04508865367417511
4.4,2.1934240897249366,0.3012720152616722
4.42,1.7382320048126267,0.9345173549418482
4.44,1.4466317136162539,1.372036556570455
4.46,-1.9837299751742943,1.9973985614170089
4.48,1.8644628035768458,1.657936711842434
4.5,0.10962424184676653,1.584578710284773
4.5200000000000005,-0.6747642727307577,1.358886891426433
4.54,0.3355833408616383,0.7853197584103648
4.5600000000000005,1.3060854020818258,0.5489297217849517
4.58,-1.8441484092820424,1.127882820937625
4.6000000000000005,0.8336984910415087,0.6715792233514305
4.62,-0.5506142254086163,0.1576134532798432
4.64,0.12049888592471555,0.13408765619246119
4.66,-0.31687401216657535,-0.03806126696788585
4.68,0.8067504757082717,-0.17778374288463264
4.7,0.09556821762412178,-0.053007303860751476
4.72,-0.7549429644472085,0.04511396558977884
4.74,-0.9325592601111846,0.09411520758817424
4.76,-0.5712765114871794,-0.3639283511039867
4.78,0.6240311994245095,-0.4961252711026713
4.8,-0.7991223461796885,-0.5640826055711389
4.82,0.868608029253761,-0.4333480302167094
4.84,1.332384316010685,-0.3810316979883723
4.86,0.2901344913742402,-0.08017659605649338
4.88,-2.1413121903271293,0.5022838342809289
4.9,0.4487391302670965,0.15622545643261582
4.92,0.5897481682053621,0.02743293832680796
4.94,1.0043580153421434,-0.09846446763994408
4.96,0.3219127147415236,0.23321690730093425
4.98,1.5367115896181183,0.7122113655544435
5.0,1.6234463997172484,0.8999532344102551
5.0200000000000005,0.13040587329779205,1.1010176188338154
5.04,0.9018996721696027,1.7089538776664073
5.0600000000000005,2.0874169122206405,1.5674911077861895
5.08,0.758455638480251,1.7149297377567196
5.1000000000000005,0.5292584844323985,1.934116299155464
5.12,2.1961179135197515,2.028850719615706
5.14,-2.0937346237112475,2.3802419669934993
5.16,1.5808693180279811,1.977642090665642
5.18,-0.27156405364695096,1.1999425113960487
5.2,-2.253720279527513,0.9360465707194046
5.22,1.040934806120426,0.32583919159565156
5.24,1.5835213474142542,0.06234232705594695
5.26,-0.009889334390746105,0.23072942783017705
5.28,0.6367341354482291,0.7156156839276946
5.3,1.2209435705953433,0.30186052764414234
5.32,-0.4053606432859103,1.1962033196739466
5.34,0.3938374156107384,1.0611207913663705
5.36,0.8466071248278603,0.8759667498431326
5.38,-0.6759977471934704,0.8871958227188395
5.4,-0.04685464412884569,0.8092293388870854
5.42,-0.9118230786969296,0.7144036402135073
5.44,-1.0202223154325232,0.18557381217315222
5.46,-0.09064143514542784,-0.5814585770143333
5.48,0.45227308862877286,-0.5431386383161747
5.5,0.25475516008088755,-0.5755301682502977
5.5200000000000005,0.6969286354783572,-0.1136072796870807
5.54,0.8075539502583521,-0.03294748623871514
5.5600000000000005,0.7773864189244865,0.5218029901138922
5.58,-0.5694561602051452,0.7340439515132355
5.6000000000000005,-0.3313841317324233,0.6504043124555959
5.62,-1.3684386062730778,0.539036512779487
5.64,1.6850379289563857,-0.0015389560209829178
5.66,0.952649905961553,-0.037746252234878847
5.68,-0.3050693070164348,0.3838079346605172
5.7,-0.0558433963716412,0.5300291883892951
5.72,0.9053038839234563,0.5753433681137453
5.74,-0.9154144163120316,0.4257803576743686
5.76,-0.46237699259831816,0.16649764411664505
5.78,-0.8937602007415324,0.18231356752672387
5.8,-0.02995732274115433,-0.23414112886283744
5.82,1.3626040132045074,-0.6257194194770118
5.84,-0.5316472828267969,-0.4373854683587716
5.86,1.3011578188937418,0.15371193129821015
5.88,0.37499052095685814,0.27364444112714503
5.9,-0.27610626566346586,0.5509835820556398
5.92,0.8840526192596992,0.6096575514240763
5.94,-1.1920039476928854,0.5551273948204962
5.96,0.16361216253623673,0.3354546748753236
5.98,0.13526682582100374,0.39769181510491847
6.0,2.3323961643665254,-0.29026065984858535
6.0200000000000005,-0.42120325735038033,0.7889943939180928
6.04,0.28572099128417877,0.7426949075798799
6.0600000000000005,-1.2655238548995005,0.8290911726816922
6.08,-1.0186754950356258,0.5069793055130796
6.1000000000000005,0.7163978226457001,-0.16366650674760824
6.12,1.8040700495814943,-0.37577435396707176
6.140000000000001,1.3331219161880834,0.15323072680911762
6.16,-1.545892931180536,0.7873798160650428
6.18,-1.0635044856048976,0.5841123066063406
6.2,-1.3488883140734471,0.010322094466038795
6.22,-0.09011421666511614,-0.3398490086160977
6.24,1.1555555535218727,-0.8306053895792687
6.26,0.9346250146025387,-0.4884413034839012
6.28,0.09768843618538005,-0.28502052747838047
6.3,0.0267612877736765,0.5814950583188304
6.32,-2.463083829707561,0.24592467959222547
6.34,-3.7556351568063664,-0.33318822200476855
6.36,-0.40561814812562236,-1.2818627706448495
6.38,-1.9417739879620506,-2.138941020678623
6.4,-0.19895000506629712,-2.4929366098267423
6.42,-1.2582067297283859,-2.6191962153440826
6.44,0.6186527479605518,-2.2442219634011047
6.46,-0.7773505905459352,-1.7370333454373832
6.48,-1.1422842668290634,-1.8042221942275467
6.5,-0.2892606327534454,-1.404378278566652
6.5200000000000005,0.973746878079959,-1.4935422141395165
6.54,-0.5923742584791112,-0.9799189905621084
6.5600000000000005,1.2709818258379557,-0.7331613294694533
6.58,-1.456227396468799,-0.5223748755042573
6.6000000000000005,-1.4796765731953982,-0.19804677867705225
6.62,-0.5222333070134684,-0.7025535808084906
6.640000000000001,-0.21156244906801633,-0.8512896039148021
6.66,0.45531452102567793,-1.128622636400828
6.68,-0.2793219532316209,-1.0789626847550817
6.7,-0.2426003473559475,-0.6191707281968909
6.72,-1.701681518484609,-0.4389037364102113
6.74,1.1335064739732048,-0.6848322213404501
6.76,-0.628763099705851,-0.7241358163563277
6.78,0.10725092717674825,-0.7478414031764217
6.8,-0.0028553626884891487,-0.37565065120690755
6.82,1.924925023735167,-0.1681756091566004
6.84,-1.9258080725127502,0.0724618108597968
6.86,-0.1637767167853788,0.1377836881872373
6.88,1.3738530915286458,-0.09853420038086552
6.9,-2.531713387113964,0.13153174965201278
6.92,-0.6627234463901068,-0.10095364178824173
6.94,-0.21431300814820237,-0.9148960444954509
6.96,0.034216744076802315,-0.8806185934756003
6.98,-1.39716854712811,-0.6096784165509838
7.0,0.7123253720177225,-1.1234056829156225
7.0200000000000005,-1.3897154482997918,-0.7616107396335544
7.04,1.240528262718391,-0.9052029291674364
7.0600000000000005,-0.244921439995312,-0.6887377199235848
7.08,-1.4019410285231655,-0.3993153221379489
7.1000000000000005,1.3274553140178806,-0.4725814535035975
7.12,0.14487133682500655,-0.6402179197500044
7.140000000000001,0.46511082344214705,-0.35432546427727246
7.16,0.8170512745025269,0.00958629247629092
7.18,-0.46996319303752815,0.20028205923646994
7.2,-0.612869781266183,0.5327120395889301
7.22,0.34505030074368087,0.27244067069189914
7.24,1.405265574423664,0.19868415614327944
7.26,0.3860082837493114,0.19581404908613617
7.28,-0.6611413102708813,0.7197338925759043
7.3,1.7599655019720843,0.29428426871080027
7.32,-0.8619813837793956,0.7147450140273864
7.34,-0.4660200257693041,0.5668688681839921
7.36,-0.40406940325719326,0.22050084599131858
7.38,-0.1808189814887962,0.10546878357146991
7.4,0.4080273423822245,-0.062201647464331114
7.42,0.5335169226066308,-0.16416878865753165
7.44,-0.8930636590267388,-0.10359385695926626
7.46,-0.836007515882909,0.12224219389260765
7.48,0.9019038644819993,-0.2052247724645888
7.5,0.8679361662804358,-0.391729810002506
7.5200000000000005,-0.9458777314286467,0.16984857494182348
7.54,1.1516496699496757,0.32460903142257275
7.5600000000000005,-0.1394720117395317,0.19446713578105995
7.58,0.4125814633939436,0.06286572863034284
7.6000000000000005,0.33341036560112647,0.5213770750568474
7.62,0.36079482544927804,0.6925091424596064
7.640000000000001,-0.41120237551864935,0.3714559486869404
7.66,0.12358555085924103,0.19497012245246942
7.68,-0.5242670791203511,0.27033799890339294
7.7,0.14160978610706393,0.14795479541456427
7.72,-0.3291168518207498,-0.1136746898548521
7.74,-0.50389059557111,0.23200520180804873
7.76,-0.22051915906749345,-0.2608554003739816
7.78,0.4566821177352479,-0.09814211967039732
7.8,0.1872207546103841,-0.5346702129732946
7.82,-0.12776570242125848,-0.42880858644051223
7.84,-0.3716748208384682,0.04897455514163872
7.86,0.4589802208247093,-0.06327612350297673
7.88,1.7319600649084732,-0.19044310745285814
7.9,0.20896858417923567,0.6814449222977231
7.92,0.5067608865038021,0.5696025463325145
7.94,-0.8145834427632676,0.7606649829301753
7.96,-0.43974136425323107,0.7404560886699486
7.98,-0.23853594449450294,0.3974826055306847
8.0,1.7830622505343532,-0.08285071027805702
8.02,0.8487232334396309,0.2900028252860314
8.040000000000001,0.8009360215605179,0.720508285061139
8.06,-0.03016294584635138,0.920415207606598
8.08,0.20262695573016756,0.9396362737887735
8.1,0.7316219645807788,0.7372506774930924
8.120000000000001,0.1357120071881228,0.8440320556855633
8.14,-1.1491327946946535,0.9165119839664766
8.16,-0.033865838344306454,0.6196762768459779
8.18,-0.022420654074039363,0.21127624413148044
8.2,-1.5808076637510102,0.19280808951862713
8.22,-2.040687475011396,-0.616103741692823
8.24,-0.16074059641583827,-1.1837730794830832
8.26,-0.2382230887090123,-1.4416328995356493
8.28,-0.0919969196263771,-1.2268499257281054
8.3,0.20949143131626527,-0.8447428511671574
8.32,0.4867090833510203,-1.0050130735468827
8.34,1.1321930392269557,-0.5456606962887277
8.36,-1.1604186539163124,-0.008465802483538908
8.38,0.4421331107960372,0.2724817296891789
8.4,1.428110036405218,0.11204016875904545
8.42,1.2919126942858024,0.1488567888364571
8.44,-1.084407707571697,0.7346620112890933
8.46,0.343471884338277,0.8970000583565393
8.48,0.32247332304253135,0.8410734932675931
8.5,-0.492830830800435,0.2402491281322217
8.52,-1.2219031433628984,0.08566598245164297
8.540000000000001,-0.3074073581521713,-0.031637320982288455
8.56,1.2195197891794554,-0.17584163683218693
8.58,-0.3437755528517476,-0.28160194515979964
8.6,-0.1466246581490577,-0.14019262377844144
8.620000000000001,-0.3095556564546397,-0.08221798764295583
8.64,1.1388440617985658,-0.11033113931491251
8.66,0.0810009380677822,0.13878120729065122
8.68,-1.8929991722445565,0.25193363941005065
8.700000000000001,-2.448110875302316,-0.08834728144981138
8.72,-0.08619804081038927,-0.8734820475320789
8.74,-0.551178871440048,-1.1521592832394896
8.76,-0.5856081092660503,-1.3566725493041507
8.78,1.508076827400454,-1.0053210697708834
8.8,1.233865930053727,-0.9628931770439112
8.82,0.25336165721604614,-0.34409895207051777
8.84,0.9359338825877226,0.6379329555235063
8.86,1.478031956509297,0.7963288399255076
8.88,0.10957137946574637,1.0690556622328202
8.9,-0.45238994734445137,1.310717909615168
8.92,-1.620035722591156,0.8949008126539677
8.94,0.7495870456372367,0.12671778689851498
8.96,1.540417773861831,-0.07358221429495498
8.98,-1.04240398941736,0.13415620103531398
9.0,-0.5023291739509634,0.28048905735390445
9.02,-0.779471387045598,-0.0731593085462566
9.040000000000001,0.6361508455957461,-0.1705644655313572
9.06,-0.31177660311975103,-0.08314790727220517
9.08,1.336917901584376,-0.23095796521151277
9.1,-1.2839769326373198,0.15699260544241558
9.120000000000001,2.7358108890341635,0.09338433721423073
9.14,1.472993040505171,0.47772522761174324
9.16,-0.3452721340411457,1.117978606735112
9.18,-0.863657065659697,1.13640702602635
9.200000000000001,-1.1184321913770663,1.0587980682074847
9.22,0.3246352077951964,0.5405907700712899
9.24,0.05020322195336767,-0.0536637665441841
9.26,-0.33830205362131816,-0.025802242545109225
9.28,-0.40087926311561844,-0.11120337088238647
9.3,-0.0800453678900032,-0.18281940351310783
9.32,-0.21843706939845703,-0.42280290788419617
9.34,-0.5854184788140122,-0.23692435452828756
9.36,1.2033223716836199,-0.7505189317880446
9.38,1.349903615051099,-0.4300601716227064
9.4,-0.17114454319168676,0.2583831363480978
9.42,0.5551202709919992,0.44187449670561196
9.44,-0.5620043799212115,0.7516928456874921
9.46,0.6773494078045899,0.5333587083638092
9.48,-1.871120069275976,0.4707917862828841
9.5,0.25098441745872224,-0.059726301944958926
9.52,0.43995868107619734,-0.3204756968492059
9.540000000000001,0.03218081014893353,-0.16819802897463437
9.56,-0.5131973768970618,0.15250245679254215
9.58,0.2242488877700714,-0.3151055645444161
9.6,0.027973712165364262,-0.01569307432547412
9.620000000000001,1.6400767144326105,-0.02105205183142614
9.64,-1.260588145294128,0.4405191372621961
9.66,-1.8172537550682515,0.2834684381960308
9.68,0.29553938145024233,-0.16361400897854605
9.700000000000001,0.18023717411478352,-0.5680717065279809
9.72,-0.2182295243458472,-0.3678522507814662
9.74,-0.353091140162223,-0.5388701176431339
9.76,1.1657260572604982,-0.4367011713252834
9.78,1.8300787831013354,-0.29354100970338637
9.8,-0.43703171267805085,0.3884212545244228
9.82,1.5051778117302625,0.7637544531698872
9.84,0.6419427996369047,0.7438531759374063
9.86,0.9067756968158978,1.1168129081757652
9.88,0.029043096803670735,1.3227825434587213
9.9,0.04132942462461125,1.5892782782489716
9.92,1.4869437392500968,0.8632546427690599
9.94,-0.7099602004305752,1.0433189832949068
9.96,0.2050381260238256,0.895489565860206
9.98,0.769815677441345,0.6547903392226967
10.0,-0.5464430834883087,0.5510467096638808
10.02,-0.7885810504683112,0.5966953783893011
10.040000000000001,-0.5732165469205217,0.31572375811089776
10.06,1.1568298131859127,-0.21027987815407276
10.08,0.188892322570674,-0.10821318152708605
10.1,-0.3337419969435097,-0.20052751157545237
10.120000000000001,-0.7620149254826992,0.22760793801393686
10.14,0.6620162518702701,-0.17082346194346748
10.16,-0.0025739889914438447,-0.3059567481080176
10.18,-0.018080056468240846,0.1543241775303415
10.200000000000001,-0.9380705427875218,0.386894052740296
10.22,-0.3261053533373007,-0.29287832795782187
10.24,-0.7927033986843792,-0.40214860061348345
10.26,0.8018386589993926,-0.6870942023624769
10.28,0.012133590456028024,-0.7436875529016358
10.3,-1.5266959574790144,-0.26396572089445175
10.32,0.5308404630042421,-0.5300112643693401
10.34,-0.32687179556361795,-0.5579316076202838
10.36,2.3235340209407633,-0.7054478907721382
10.38,-0.13452920632950446,-0.04909288302287054
10.4,0.42679048773127365,0.3162551264562238
10.42,-0.30663714941823944,0.6269740518381269
10.44,-0.3694902684459083,0.7111046598398171
10.46,-0.002314093531526121,0.3529459797208095
10.48,0.13158539825167148,0.12867815214762396
10.5,0.5424279570079829,0.1423957389491644
10.52,2.0096421614050173,0.16265373942268282
10.540000000000001,0.7227950027292966,0.5965478105568591
10.56,1.0979255737299511,1.2868638450350296
10.58,-1.806201021432312,1.6822671140942511
10.6,1.8880743124612054,1.1181647689005096
10.620000000000001,-2.242033806021998,0.9880148905525354
10.64,0.5755721567590297,0.4684996564474138
10.66,1.0283814464440846,0.09694575855328315
10.68,0.14197612269695928,0.2793887222347654
10.700000000000001,-1.00940290957374,-0.028526739683162716
10.72,2.654464011445023,0.4992144708548259
10.74,1.0380655287590403,0.6144777151790504
10.76,0.1914844166376292,1.0948569194560138
10.78,2.004091581110864,1.3411839332368367
10.8,2.7170367085336866,1.4972078315668351
10.82,-0.7732467265455654,2.2204188002572467
10.84,0.41269080067289415,2.3707515263773398
10.86,-2.0533501740643585,1.5855589201775582
10.88,-1.0045381091066006,0.9338037199234924
10.9,0.13746202718469425,0.3069342101524855
10.92,1.639771862161781,-0.17307383331693416
10.94,0.8046171813492833,-0.5504931028991097
10.96,3.169540831456039,0.3673367037862128
10.98,0.7190817858055938,0.9243150960367819
11.0,-2.150372379990529,1.9053760524669219
11.02,-0.6716158507807514,1.5656590291476025
11.040000000000001,1.6067827214274168,0.9247886472189657
11.06,0.9580291017549128,0.5193089050662612
11.08,-0.18277299832107557,0.7042861239544173
11.1,1.2199546994108343,0.7899137476718786
11.120000000000001,0.836492275641486,1.0364525407097351
11.14,0.8161497858811478,1.0496414430323955
11.16,-2.0642298697953163,1.2993267821224113
11.18,0.2148110227885361,0.8797759989270824
11.200000000000001,-1.6793119445413764,0.12272622872401054
11.22,-1.324296278308829,-0.13397310896523132
11.24,1.1479307020838148,-0.7658115439609022
11.26,0.0441891976004406,-0.7011388482338657
11.28,0.4079484363774962,-0.7506002525062423
11.3,1.0839490042046616,-0.4291513364380062
11.32,-0.7848242097435782,0.039690439772908814
11.34,-0.9665155494682149,0.1450793363758752
11.36,-0.1195018142167202,0.14692113133571477
11.38,0.01592027797867093,-0.3409649191360716
11.4,-0.5207091535847533,-0.45257725419613026
11.42,-0.15951203807054454,-0.5275158238102379
11.44,1.8374704503815043,-0.5865124870369551
11.46,-0.3847815587442976,0.018415196869328493
11.48,-0.09513013387802116,0.07583975355717057
11.5,-1.00455928564478,0.518927891046542
11.52,-0.7928573622962382,0.17674526033777274
11.540000000000001,0.5354351687069175,-0.4116466556589962
11.56,0.0006574479817430908,-0.3998026936544455
11.58,0.46481085499766356,-0.1994066575945227
11.6,-0.4621691829776186,-0.09789464311208562
11.620000000000001,1.5194040059192193,-0.05429079854190256
11.64,1.77626390517983,-0.02390215203427501
11.66,-0.08370318573512599,0.8631466115632791
11.68,1.435941845837498,1.2066020925513221
11.700000000000001,1.913686159771055,1.1355869470934452
11.72,-0.11970230693584018,1.7035484844039352
11.74,-0.8053111963411381,1.6032313113292818
11.76,1.041396815418344,1.161824501130202
11.78,1.1511214180114009,0.8938474193757991
11.8,-1.7409895710799936,1.254180716423437
11.82,-2.125978965513386,0.7190898282349515
11.84,-0.7236580745584544,0.08908861609193916
11.86,1.781573695367889,-0.6987661791115101
11.88,0.44455165234678745,-0.8296844113114834
11.9,0.5171823184303449,-0.06926831885843882
11.92,-1.5139785130118428,0.06329473196247547
11.94,-0.5204287414889628,-0.011297308364816797
11.96,-1.6200685871223883,-0.07180904179556538
11.98,-0.932308596916847,-0.781381215039418
12.0,0.769701370333712,-1.3912039294858718
12.02,0.06755000147457856,-1.1766812889512765
12.040000000000001,-0.005576957710383624,-0.6738996054698454
12.06,-0.3730410331967532,-0.7102076519731022
12.08,-0.364376847185901,-0.3062801674604653
12.1,0.1350802598590501,-0.5888864445398136
12.120000000000001,-0.8782507339328931,-0.47891368188133887
12.14,0.5544786399785436,-0.39299477367748353
12.16,-0.40709269274485105,-0.24317933059766503
12.18,1.5355894013607918,-0.41692379556873305
12.200000000000001,-2.3164232675582928,-0.09526033997821802
12.22,-0.023898903620914905,-0.08801013793253844
12.24,-0.7129239484120553,-0.5758579627944563
12.26,0.19177865255493862,-0.49832139089572114
12.280000000000001,-0.4523014893740048,-0.5763090029933865
12.3,-0.948536711715389,-0.8735617943347108
12.32,0.23333087605309955,-0.47746188371041237
12.34,0.9598620287606797,-0.8079296264864301
12.36,0.5296594413344854,-0.5352007934894432
12.38,1.2409391587645828,0.26900819039620294
12.4,0.14946244800391095,0.33578664370428507
12.42,0.8897521298640261,0.7123066304204557
12.44,-0.759101780619425,0.751114570323522
12.46,-0.7140189022265724,0.8706245323160235
12.48,0.5107314827549952,0.23762893586053188
12.5,-1.4142574136064368,0.2680693896921507
12.52,-1.126468194593349,-0.06140429205819206
12.540000000000001,0.2938139087198369,-0.5818581430036673
12.56,-0.9699723754610878,-0.5946039828837191
12.58,1.440283788109723,-0.9699712940505097
12.6,1.0236089991459663,-0.6655856413592249
12.620000000000001,-1.2600820053064348,-0.023880309929927603
12.64,0.5666437019594694,0.029199502401255295
12.66,-0.6094561819455687,0.06003623938457048
12.68,-0.1831373563112246,-0.15323721400129328
12.700000000000001,-0.2746879650749168,-0.0854926884106081
12.72,-0.5074013915385555,-0.17161049476708345
12.74,-0.27389720150716246,-0.2564265900451932
12.76,-0.9018896306534596,-0.45232869035881246
12.780000000000001,-2.235323808715501,-0.6082988001427984
12.8,0.1751163354471749,-1.2017019493972358
12.82,0.05150187376214015,-1.2633754430204294
12.84,-0.7321274090811797,-1.3004865197862272
12.86,0.39754787621473814,-0.943416182065901
12.88,-0.6501725967912618,-0.7951222143654509
12.9,1.1749104115123696,-1.1035736817668442
12.92,-0.5801412572772279,-0.25639717697040854
12.94,0.860749532872783,-0.2665701156247613
12.96,1.0728192889760593,0.2542775516581126
12.98,1.736537149193919,0.22593186914819394
13.0,-1.1464448481056122,0.7821510028889521
13.02,0.06588497472777344,0.8753844025102668
13.040000000000001,1.7694555069473072,0.7359200358080011
13.06,-1.759877217619281,1.0194376550895972
13.08,-0.7848720489353217,0.537585567451544
13.1,-0.9376069148880094,-0.01890013631761346
13.120000000000001,-0.3324527794729387,-0.5444027211097517
13.14,0.830678030173851,-0.7819498805654276
13.16,-0.42991018865115327,-0.3823782004988748
13.18,0.742403233936892,-0.5116747999391345
13.200000000000001,0.49097068979139585,-0.22030295424013507
13.22,-1.4742592861015311,0.2279384543157342
13.24,0.22782662608328144,-0.11265391475208754
13.26,-0.19205675522598747,-0.20605196421540123
13.280000000000001,0.6810990747405723,-0.05159315760162733
13.3,0.7037540681030059,-0.23876111980177467
13.32,-0.5282094290772475,0.14256941469769818
13.34,-0.9056440759162976,0.25385732895667057
13.36,0.6128144907878973,-0.05960258479601953
13.38,1.814601438645342,-0.07405758770782843
13.4,-0.13609479256801263,0.11824262598717
13.42,0.20069547222257644,0.7429123702474707
13.44,-1.2695909729224752,0.6361210807818666
13.46,2.7545485061440758,0.35451288857400964
13.48,0.3461720241126278,0.7476217927500259
13.5,-1.02815727738962,0.9634702839837622
13.52,0.19182374822764442,0.8221792517734481
13.540000000000001,1.4355931884989601,0.41087516444458005
13.56,0.9111126983416854,0.6085285689892179
13.58,0.32785422393885316,0.8388018787072404
13.6,-0.3230756220533389,1.253182957301699
13.620000000000001,-1.6757963497190371,0.8420064829633961
13.64,-0.9470299575262785,0.2580614369476225
13.66,0.19931693255804442,-0.34131496417763885
13.68,0.5616506793143249,-0.5860052895971869
13.700000000000001,0.10801779016688504,-0.40596997981745353
13.72,0.2812200211156118,-0.22450108420676526
13.74,0.6241155676682472,0.009404206168037686
13.76,-1.2042259926513132,0.36553663909787576
13.780000000000001,-1.1058228917944473,0.4269098692172094
13.8,-0.8254946313546564,-0.15576618329550515
13.82,1.0024205609529602,-0.724523738161766
13.84,0.2657271660336998,-0.7788229484653887
13.86,0.3334523314264451,-0.4410396448695765
13.88,-0.7027530918974694,-0.15443847050859877
13.9,-0.5073084463976627,0.22090655412910898
13.92,-0.02733716248795475,-0.5016007158848111
13.94,-0.8512247056599317,-0.2250856091090293
13.96,-1.0104731680944883,-0.6622153969924706
13.98,0.03170525971037202,-0.7239565968481144
14.0,-0.543664661849307,-0.8708416984738935
14.02,-0.22164084142531126,-0.7018653153487213
14.040000000000001,1.3011019931081724,-1.06300881994513
14.06,0.9081119867962741,-0.4073009513259933
14.08,-0.7040321780000075,0.17272051630547636
14.1,-0.014308238660865143,0.284260876083223
14.120000000000001,-0.006744150950113565,0.1191458596446216
14.14,-0.5365717338611125,0.07188361290448561
14.16,0.4552253683239167,0.010604541942945113
14.18,-0.18245126618687385,-0.16182021010711428
14.200000000000001,-0.6687685537272101,-0.3164074130674712
14.22,0.5903693002260003,-0.3148013820891825
14.24,-0.7891640052634279,0.00042787290159654323
14.26,-0.8879219419098162,-0.26994413739078466
14.280000000000001,0.9690476866879703,-0.1903577969419724
14.3,0.11444864329280838,-0.4816463266064493
14.32,-0.4785193751478927,-0.24374946892497965
14.34,0.8299378675336395,-0.39269378277835476
14.36,-0.6940078127400992,-0.2064980794943581
14.38,0.06045823182681333,-0.022153698445041066
14.4,-0.008240303512981488,0.02697747766256261
14.42,0.0879396487435729,-0.49542674230927014
14.44,-0.5629070501537602,-0.4294587332144749
14.46,0.44259130744835345,0.05370020030418049
14.48,2.3601117095375574,-0.09233732659708171
14.5,1.210597855139371,0.6460271021170731
14.52,0.802083990128882,1.1844115092408911
14.540000000000001,0.0251648626561195,1.6737879839340677
14.56,-1.1248945470776632,1.4201633291940519
14.58,2.2942621629171756,0.9837226044948643
14.6,-0.656229354866034,0.7619759032363044
14.620000000000001,1.1041694127279114,0.9603686510191703
14.64,1.2196708927463256,0.9004497269140153
14.66,0.868644580499823,1.313717585484452
14.68,-0.44120652831544177,1.3510612946266818
14.700000000000001,-2.941094729554106,0.8737865104015903
14.72,-1.3713141804362592,0.4491079285114985
14.74,-0.9469305321116216,-0.6213795398053505
14.76,-0.804250258483113,-1.3608334119742418
14.780000000000001,1.5097827586717238,-1.2181636657007475
14.8,1.314967991556963,-1.4655358482830996
14.82,0.7217924458820248,-0.3845484412573453
14.84,1.8710648827952916,0.16894423059363584
14.86,0.6784298475011794,0.743145499572661
14.88,0.005638600381606104,1.3052983932412492
14.9,-0.28007472745017287,1.2300873240027492
14.92,-0.18632181071789025,1.1152900322657617
14.94,-0.370778126283637,0.6914326109187333
14.96,0.9556924159096263,0.27687328503504766
14.98,1.31226943152556,0.44919410110603086
15.0,-0.5908921995212989,0.935572443939177
15.02,0.6314727329539622,1.0535122397647405
15.040000000000001,-0.6822833187337647,0.6513827464592016
15.06,1.261296819341381,0.3148837276804942
15.08,-1.3776520031496522,0.5237762294642316
15.1,0.24527004651065815,0.09527156108284404
15.120000000000001,-0.14413494153604134,0.1615858653674409
15.14,-1.7426033559975203,0.048826858341030566
15.16,-2.138718904997678,-0.45004674530861044
15.18,-1.6006274647098,-1.1553380877363661
15.200000000000001,-0.5430935838544364,-1.920767789205578
15.22,0.01935367085612093,-1.939783540271796
15.24,1.2129688543611508,-1.902222638523573
15.26,0.7329095171264212,-1.1634657121800491
15.280000000000001,-0.8451103627054316,-0.3510270521625336
15.3,0.7334152825690473,-0.30753070392433574
15.32,2.1805531054154903,-0.05774476329600297
15.34,0.03394764574698524,0.24260744587102712
15.36,-0.16370532525333156,1.0228854883200647
15.38,-0.6439959356826289,0.8533605142231143
15.4,-0.47970640059551295,0.6515687367587684
15.42,1.1191665044193606,-0.2007392174857658
15.44,-1.2368440025857683,0.06918389541075756
15.46,0.6823976541406607,0.1486809692542081
15.48,0.7326217794236601,0.09188505119662332
15.5,-0.4863713435206368,0.1026131093626985
15.52,2.761571164725935,0.14955822179533917
15.540000000000001,-0.3675996473094854,0.8109665433551931
15.56,-1.4034829603562922,0.8394535215293093
15.58,0.6541600880311758,0.5194539817915278
15.6,-1.4897227063275817,0.491459258823011
15.620000000000001,0.33043992240729514,0.032603851374086515
15.64,-0.38641290284914764,-0.3431084821132409
15.66,-0.003376444625453669,0.09276452868823654
15.68,0.8983046516257353,-0.3266070517713987
15.700000000000001,0.15843993421942318,-0.1143944107589033
15.72,0.4349828198268943,0.1224730630364165
15.74,-0.5539475156971696,0.27346691866395245
15.76,-0.04084113374819347,0.3734098624025829
15.780000000000001,-1.01522961882101,0.2779355393780796
15.8,-0.6105434585701713,-0.19130987623493248
15.82,0.03913536964050966,-0.6726645554448787
15.84,1.274119141551054,-0.6373188589448804
15.860000000000001,0.7708967037537827,-0.42982096264005043
15.88,0.5685409785029616,0.422946097191241
15.9,0.4082823143852098,0.2439672034693693
15.92,-1.1063240670712657,0.7844226412592756
15.94,0.7135142389305844,0.5116009813225165
15.96,0.9277807032197519,0.12392170987241702
15.98,2.120154309837846,0.7305600460075647
16.0,0.1789336280080645,1.1504803551943064
16.02,-1.784822864724684,1.2153211060595472
16.04,0.33148143866060004,0.8631250124326476
16.06,1.3478598825529304,0.41091851369131227
16.080000000000002,-1.1082888135785938,0.8891951977405101
16.1,-0.04139078593053069,0.38405438757925675
16.12,0.5610737984422985,0.012362675893884484
16.14,-0.2858607962054539,0.08401446287345407
16.16,0.9455414486280447,0.2544876514998081
16.18,0.24865619488511176,0.12436398443627403
16.2,0.9891548202763824,0.22451747826597296
16.22,-1.9926988115993112,0.6327608593996628
16.240000000000002,0.43685185867904114,0.09265940216434043
16.26,0.053471619750983405,0.29368493914136745
16.28,0.4232405272179655,0.09384000706544941
16.3,-0.7156969752224335,0.32536424378438705
16.32,0.8340616447332608,0.1252418520591626
16.34,-0.9184724995166719,0.19507580560319468
16.36,1.2396802906370472,-0.16988407164498867
16.38,-0.7291866902527029,0.14346494301833806
16.4,0.9535265669451145,0.06461520346034516
16.42,-0.47124373356436466,0.252878304282457
16.44,0.13273980813098107,0.1648719496179325
16.46,-0.2040723844265688,0.12792326961514433
16.48,0.007546818021306551,0.015219115020436838
16.5,0.46988484292183774,0.07578825156973293
16.52,-1.7791140854228331,0.05551934898154381
16.54,1.8436991508444884,-0.060234645067616166
16.56,0.5076571035296187,-0.15382538981078397
16.580000000000002,0.15622684862547068,0.06262102985618725
16.6,-0.17873470470410185,0.5674115241792793
16.62,-1.4044379281466703,0.48830189580494143
16.64,-1.3141940660284508,-0.07684828713555396
16.66,-0.3467075317678931,-0.35356979513193565
16.68,-0.6778308505325208,-0.686181127718585
16.7,0.5042168205307259,-0.9027731036568443
16.72,0.9411514093419655,-1.0093921705220215
16.740000000000002,0.829769742513498,-0.616672478139628
16.76,0.04062586952074163,0.1491561565062851
16.78,-0.7622375558665654,0.40148297114422965
16.8,0.2515220019339568,0.5569998545769418
16.82,0.9827034997855227,0.10894514858788909
16.84,-0.6400185493541596,0.305840335429189
16.86,1.5365962858449265,0.3704754354590125
16.88,0.49757132461848497,0.2898628954432863
16.9,-0.28061102209512684,0.5563738920883516
16.92,0.1530053317271964,0.7781574112687144
16.94,-0.04981544482996368,0.5617670864570485
16.96,0.8099949755316486,0.2993467592432196
16.98,-1.704089857757068,0.37731825372917505
17.0,1.0939063160589892,0.1806626904434033
17.02,-1.002938264470873,0.17502059210906343
17.04,1.983564419517775,-0.09421625701919162
17.06,-0.15573526255739972,0.2665880759013202
17.080000000000002,-1.7800337749898445,0.540733867627821
17.1,2.044116686535057,0.20313752760059056
17.12,-1.2989665389453817,0.1791781051640335
17.14,-1.528605362376314,-0.06666778558660558
17.16,-0.534827791361041,-0.4439517541805368
17.18,0.7873275102768804,-0.8748135833539925
17.2,0.32418541839205245,-0.7368099265987222
17.22,0.9405281664775155,-0.20873702509127187
17.240000000000002,0.23573491619526551,-0.02973481543672919
17.26,1.3333961541138102,0.3532173236187894
17.28,1.021094133064831,0.5892069860828922
17.3,1.2189641806091926,1.0241944513351693
17.32,1.5287361384357239,1.6018294903037542
17.34,-1.0475651484399306,1.878906695222053
17.36,0.8067566444984118,1.3504201249839773
17.38,0.4091389176710375,1.155001929465815
17.400000000000002,0.04124960445603104,1.1575375412093225
17.42,-0.5763812047591743,1.097394282068911
17.44,0.17996884076374683,0.4828953086201332
17.46,0.43354468127368884,0.4341904445159275
17.48,-2.5432137780780324,0.3317728902674274
17.5,0.23887675282541931,-0.20567865169528973
17.52,0.09114256425205487,-0.5404790782903077
17.54,-0.06761028103904027,-0.6678053375888723
17.56,-0.07415783994097692,-0.3674575820967346
17.580000000000002,-0.8137871421112152,-0.3389516100411799
17.6,-0.7301993537722755,-0.13787444226696188
17.62,-0.7931564799956552,-0.5896408497930713
17.64,-1.8928335373335141,-1.0024947540658429
17.66,-0.6982592965012515,-1.1792618441577767
17.68,0.46276303996645685,-1.4686507556505493
17.7,0.883693316529611,-1.6521771793039062
17.72,-0.6298798305826387,-1.1641621679055199
17.740000000000002,-1.1116490921566207,-0.7066528599430196
17.76,-1.7122666581654644,-1.0116779072304456
17.78,0.8264406636466008,-1.220459588851872
17.8,0.5355619810161464,-0.9098811447945759
17.82,0.42457295263182787,-0.6547859493488856
17.84,-1.4041100439271734,-0.2528801510337992
17.86,0.504537267984041,-0.13032535697328698
17.88,0.05091349809681417,-0.18923424069982672
17.900000000000002,0.14249386989870327,-0.25142708247607354
17.92,0.26671432420006197,-0.08025774107945234
17.94,0.9509541672948173,-0.04584677055586462
17.96,-1.9150791161285443,0.20848994054393605
17.98,-0.611373342805105,-0.12691315388077504
18.0,1.2670186131589398,-0.34577047678562584
18.02,-1.3225369402529403,-0.2744402383423357
18.04,0.6099339558955674,-0.43349005429828763
18.06,-1.3422547128051312,-0.47791689751712607
18.080000000000002,-1.3125732179545722,-0.4649588848595657
18.1,-0.7801333828833862,-0.8267708740812008
18.12,0.11329792870891954,-1.1956129984628734
18.14,2.1217779742408993,-1.4356366064722637
18.16,0.3586933557770381,-0.46671420575048783
18.18,-0.41559481935029063,0.3536639720896299
18.2,-1.0486289234146065,0.1869635631895944
18.22,-0.3109789970509505,-0.2156997193523437
18.240000000000002,-0.694258618951735,-0.2608427807937687
18.26,-0.5736997688116814,-0.40836228472628844
18.28,0.5969831100171061,-0.1764517742492997
18.3,-0.6774123773077005,-0.6315400759759525
18.32,0.19439122622604832,-0.48797517122679746
18.34,-0.6752263457248253,-0.3870003748938857
18.36,1.4728772999990587,-0.42841154302041884
18.38,1.1652442487489358,-0.16309719676342796
18.400000000000002,0.07927460134206456,0.5887760929780931
18.42,-1.6458959738214984,0.5535945845310798
18.44,-1.5729850004195816,0.23364660514038427
18.46,-0.8210834396167964,-0.1968669559763447
18.48,-0.6251058373693876,-0.5474112135884059
18.5,2.126473718670483,-1.0909250172802583
18.52,0.5990189333482143,-0.7939832759224936
18.54,-0.010051819887761746,0.02397745706072249
18.56,0.6455921973314955,0.15812478013170267
18.580000000000002,1.3591567504134712,0.2721935274350259
18.6,-0.4712843365433118,0.8935297142975346
18.62,-0.8036170508700115,0.863707668102835
18.64,0.9800826452755136,0.5356705243931394
18.66,0.34491127382990283,0.261880197792394
18.68,-2.1830943649643495,0.6846623859606276
18.7,-0.1509307092581723,-0.08777587036119652
18.72,-1.0868460605618318,-0.19964905553437945
18.740000000000002,1.6187567888882006,-0.9840111474251777
18.76,-0.16883799718800033,-0.21162845133189484
18.78,-1.525017655108815,-0.18711820352096406
18.8,1.209589436718584,-0.5142938894217964
18.82,-0.07739087184245338,-0.6047123317198255
18.84,-0.3795539155612895,-0.16131631516022452
18.86,0.1415313928986958,0.025850467103159275
18.88,-0.7751707689791062,-0.19778003980812325
18.900000000000002,-1.204787087333887,-0.5352571118117375
18.92,-1.0891126471609403,-0.32905475920707794
18.94,-0.024857201621840127,-1.0951789158447796
18.96,0.8253221064619191,-1.095687968837225
18.98,-0.5931098928503856,-0.98237999317557
19.0,-0.7528849935715038,-0.5479314803804866
19.02,2.355751612614905,-0.44053297123819635
19.04,0.5599976855971057,-0.022824557098893306
19.06,-0.7828351328455849,0.30828165237394556
19.080000000000002,-0.8743815934068285,0.16944577994240773
19.1,0.5927574562211018,0.34550913976674336
19.12,0.9502102623075688,-0.261590562718344
19.14,-1.128797744447472,0.07649358818016688
19.16,0.27934456232647087,0.05812279422297194
19.18,-1.2769628620867852,0.04860207899189822
19.2,-0.16407821421051208,-0.025705311838791767
19.22,-0.18836919678074368,-0.6084123061648481
19.240000000000002,0.7845558904999278,-0.5718139608715848
19.26,1.1235997967880262,-0.4324273605949175
19.28,-0.35280376733036534,-0.12341118079276364
19.3,-1.7929085743286366,0.13072913641337652
19.32,0.6808223029652585,-0.2372092298156446
19.34,-1.9116434137353449,-0.47805086402947616
19.36,0.20988848843695673,-0.7675410337470944
19.38,1.6308698975130103,-0.8494639460290737
19.400000000000002,-0.40554367343176295,-0.31515976239516763
19.42,0.1972818617077657,0.025143188680744694
19.44,-0.8767741866152438,0.17717190298953434
19.46,-1.4939131577224256,-0.0833231968144477
19.48,0.8362693182864258,-0.5187534627678577
19.5,-0.7517652233095459,-0.635905599901173
19.52,1.5686607875768743,-0.5907640073442498
19.54,-0.6246622626950749,-0.07356525304569625
19.56,-0.712843647206592,-0.058395927693931135
19.580000000000002,-0.11055511539083593,-0.20427056500012197
19.6,0.1833228059780138,-0.34970902968619544
19.62,-0.4091420999041234,-0.1591417600780987
19.64,2.2139595676788253,-0.31376732269323526
19.66,-1.2039938590299961,0.2352012356956488
19.68,0.29025103071582964,0.4903592260935251
19.7,-0.7853948517441898,0.37383544380025435
19.72,0.9633905963726825,-0.006861054435613391
19.740000000000002,0.24498920899847185,0.04840499423827044
19.76,-0.7333970745123439,0.05433575197730109
19.78,-0.5106937719840622,0.3457439293923445
19.8,-0.343933886489388,-0.15201943491851147
19.82,-0.18375235464214645,-0.28202962461790965
19.84,-1.6429790166511415,-0.6571947439564569
19.86,1.4834854990094206,-0.5195112719722281
19.88,1.8916177330470578,-0.7785748460981048
19.900000000000002,2.150929356747853,0.5140441622321337
19.92,2.276402696269942,0.9980507521354914
19.94,-0.785545617382883,1.730658660114193
19.96,-1.5164864393217323,2.108397152483595
19.98,-0.1079739073934651,1.234689886569531
20.0,-0.009998865661900282,0.8263818582209881
20.02,1.1942918595089642,0.22144155310007763
20.04,-2.091541766318159,0.31594461639278326
20.06,-0.3655332962363817,-0.19137881024906023
20.080000000000002,-1.0562333938525466,-0.43902234354143704
20.1,-1.4839489465511644,-0.9210709773648871
20.12,-0.39876049470071234,-0.9303423347046329
20.14,-1.0119369490963201,-1.3488823774945542
20.16,-0.2152524469591335,-1.2076019159958324
20.18,1.7092034973358898,-1.7139587709472937
20.2,0.03931203177015136,-0.7695049162164276
20.22,0.2754185007723722,-0.5012572110323453
20.240000000000002,0.512164299997037,-0.13350825097714386
20.26,-1.0770021317893117,0.44568383191556993
20.28,0.4864382455729517,0.15072404331467143
20.3,0.21477317006324617,0.1548052974453656
20.32,-0.21588591534603593,0.1965735196601589
20.34,1.5965146603093512,0.09222695912953019
20.36,-1.3600643250372664,0.18487218747167627
20.38,0.3036118675973369,0.567774194337908
20.400000000000002,-0.6692184078870913,0.16981263578386288
20.42,0.41248796595601317,-0.16528549556069602
20.44,-1.2457898905400586,-0.2553033511691433
20.46,0.28563698067672033,-0.21880309722828242
20.48,0.003909999979798754,-0.7118791724384932
20.5,-0.9627461473612551,-0.27573949598894704
20.52,-0.5882521959059618,-0.3043750607433147
20.54,1.2172127879749308,-0.39146213001303354
20.56,-0.2895069697803991,-0.5030106035236002
20.580000000000002,0.3791520498798471,-0.023242358684425063
20.6,0.4570255573728959,-0.13639694001130184
20.62,1.1119953365310649,0.1985232717832084
20.64,-0.2215373317559662,0.5293508076687558
20.66,-0.196740870142656,0.7728569722963701
20.68,-0.5268100787334298,0.6642727504906667
20.7,0.4631224968774633,0.31031353890755037
20.72,0.6850173731652541,0.2149495036308776
20.740000000000002,0.180883660159954,0.4770917693920743
20.76,-0.179168710215376,0.619105823775543
20.78,-0.13015474588698858,0.2735581221650417
20.8,-0.7210301087628184,0.1537255264525237
20.82,0.15734450928910435,0.14179587156333406
20.84,-0.4650083579527698,-0.33522887800663104
20.86,0.6713800848760624,-0.3092593889584483
20.88,0.09778929338797311,-0.18937109952112324
20.900000000000002,0.4058615856798471,-0.12251254160864963
20.92,0.013217995409890661,0.2778074915147131
20.94,-1.4629106883787575,0.20896095406133458
20.96,-2.0915726660364466,-0.12887415475751118
20.98,-1.6174812159667264,-0.8696463676158401
21.0,-0.11045776577821359,-1.5851324621582978
21.02,0.7214148173499814,-1.591327706175119
21.04,0.09328512189527198,-1.395534496045106
21.06,-0.49482394657611933,-1.0082022007471865
21.080000000000002,-1.3242463399369997,-0.6422075423076895
21.1,0.803809535881467,-0.6835085338887706
21.12,1.8307996321639246,-0.4795149738993155
21.14,-0.8362058285341161,-0.3075651917654487
21.16,1.9452688691413391,0.21216486703164802
21.18,-0.9678614050836526,0.21256975511971432
21.2,-0.7293225061136732,0.6161828941281966
21.22,-1.933392598575643,0.24736795341979473
21.240000000000002,-0.6076006288973115,-0.44262636940975214
21.26,-0.17424604515131256,-1.0278674805746237
21.28,-0.2994564951670054,-1.0258814289924676
21.3,-0.34812062203806393,-1.1598881370430763
21.32,1.9276085933790663,-0.9117843822541883
21.34,-0.09165346792955766,-0.3718319799014883
21.36,-0.854461359189459,0.07746147285748464
21.38,0.17764449834387375,0.03535719458773418
21.400000000000002,0.23967385011545106,-0.15782935402490528
21.42,2.1515141955719472,-0.0429694745719053
21.44,-1.806500277737253,0.11261084002964056
21.46,-0.46489109385282584,0.9387270604034328
21.48,1.1814034224239336,0.11938688036888241
21.5,0.584962386074714,0.2264305528428388
21.52,0.42308019752450393,0.3546895929915996
21.54,-1.4067638096591124,0.6056751342098471
21.56,0.4020727586186243,0.20653248343949088
21.580000000000002,-0.5849660514475375,0.2579690432574506
21.6,-0.4390288283717307,-0.25801609473624515
21.62,-0.4966988915420851,-0.6408378458583419
21.64,0.879064416283707,-0.4808862808313195
21.66,0.5647662135594266,-0.5837840526174953
21.68,-0.3776668319359457,0.03201740553268541
21.7,0.9182457766286334,-0.1309743490923521
21.72,0.17151102212576094,0.5537283345933033
21.740000000000002,-1.1585702574919619,0.5842170561370544
21.76,-1.5699764129766154,0.158626249754995
21.78,0.515356580748146,-0.25900322805098663
21.8,0.09950517982745782,-0.4035111179146855
21.82,1.3908170829834017,-0.5519607775725709
21.84,-0.5325688600435233,0.028177255489886976
21.86,0.46528428180761655,0.23414220525617419
21.88,-0.6557050090392624,-0.04756413900307774
21.900000000000002,0.3835981942759998,0.1736870402979538
21.92,0.6154147806936549,-0.09365420933109588
21.94,-0.8319146250863155,0.01951902741113376
21.96,-0.49939910322364556,0.2872878787457668
21.98,0.05954903870115782,-0.13331245202702244
22.0,-0.6022203151996939,-0.13794267737380345
22.02,2.616118417443891,0.009898980995531437
22.04,-2.2396994245552273,-0.08908448019569071
22.06,0.519528592001971,0.09324014901198488
22.080000000000002,0.16268626386171917,0.12758923849587805
22.1,-2.0323960152589664,0.09285454271605006
22.12,0.3157093651853263,-0.6055636040129432
22.14,-0.6360311324980943,-0.7336277413671153
22.16,-1.0391037694654672,-0.7812649834440178
22.18,0.4262250016421848,-1.0070155577044224
22.2,0.3003269304935105,-1.0680320000944543
22.22,0.6371252899526914,-0.592777740875443
22.240000000000002,0.629655412719775,-0.102580780127936
22.26,-0.8911630348218372,0.02772135332848201
22.28,-0.40189176874452454,0.1083571108061114
22.3,-0.21638612474358027,0.0657927956221929
22.32,0.8260416091347479,-0.3024258405189236
22.34,0.7595458082719292,-0.10601605400695108
22.36,0.3257999570654558,-0.023558176525344615
22.38,1.4857637309155298,0.14465745989237166
22.400000000000002,0.7279057554490818,0.9008749009755718
22.42,0.7662917137407323,1.0131852050709829
22.44,-0.6353318020496114,1.42300206691566
22.46,0.13970764967803265,1.113733950245582
22.48,-0.3564429885191211,0.6741026919097185
22.5,-1.8795849375405576,0.8717585767669536
22.52,0.5634947049967743,-0.06502226361797564
22.54,0.8868079162949398,-0.3360971661467839
22.56,0.7486755922164974,-0.0553642030414509
22.580000000000002,1.5518428435506675,0.4885111432911579
22.6,0.9335556142593706,0.7068784116451591
22.62,-0.2726358777116661,0.9725444184528441
22.64,0.26477024908073243,1.1465370094326086
22.66,-0.6839605598264928,0.7113983089011987
22.68,-0.7190049151301976,0.30903300865175987
22.7,-0.5181073238610239,0.5141627729357534
22.72,-1.0638518823372296,-0.32749076121635284
22.740000000000002,-0.2694974160330394,-0.4570472088461639
22.76,1.608838479526885,-0.7910032661908154
22.78,1.7757959249135828,-0.3257095549751545
22.8,-0.04901319712617993,0.2579858383131003
22.82,-0.9244117996703136,0.5059499882537082
22.84,-0.9283598249347231,0.549111464177495
22.86,0.521936354420971,0.30247674127556157
22.88,1.5271484757793916,0.021294629672404197
22.900000000000002,-0.3742982304492052,0.1650426223825576
22.92,-1.1806963719643122,0.3488042629960641
22.94,-0.08610185144564832,0.08728684595933531
22.96,0.17151730041440558,0.08634745957598136
22.98,0.024639425569468534,-0.3065020784438235
23.0,-0.9211454033923935,-0.31002758871124414
23.02,-0.5205363543238959,-0.11353863310852602
23.04,-0.31581168120700603,-0.6686498037183239
23.06,-1.7583854132346948,-0.8948930325647486
23.080000000000002,0.533098361220965,-1.0927139439321036
23.1,-0.6738416926085029,-1.0107884499942168
23.12,0.9525398397382147,-0.8656589854813771
23.14,1.247204365102327,-0.8252796484187568
23.16,-1.050253403250391,0.030052417902305006
23.18,0.9035063258807201,0.13897353729983897
23.2,2.1784965943095087,0.38145724649125157
23.22,-1.4913747680006135,0.4673282143874583
23.240000000000002,-1.7271550304044827,0.7748663742438695
23.26,-0.4165362626617833,0.04549540859145944
23.28,-0.7617996891990542,-0.6248077831422494
23.3,-1.829613579418555,-0.47918973602649806
23.32,0.15440631077271816,-1.3622418236912772
23.34,0.36019393329985516,-1.373888823673625
23.36,0.025079901882146295,-1.1168073027707985
23.38,0.02377774183329722,-0.8900181991398031
23.400000000000002,0.04878473194699781,-0.5611136092685428
23.42,0.054457815886257074,-0.4373239458862185
23.44,-0.9036818767016008,-0.49786598059761167
23.46,-0.8171512336511397,-0.30236763923463744
23.48,0.9624214701885194,-0.38546984739872353
23.5,0.1327959266980642,-0.517383046852557
23.52,-0.714226752583678,-0.18872575876818995
23.54,1.8724172579902716,-0.5714606562442605
23.56,1.1438998943473475,0.09738695475410572
23.580000000000002,-0.522525423180706,0.7213509868307263
23.6,0.09359656039284489,0.8411588427138224
23.62,0.4923790571475175,0.6844732964497906
23.64,-0.5227796635324587,0.780910615446773
23.66,0.9299134128706344,0.4506402349202211
23.68,-0.36460315646463265,0.683243727779623
23.7,-1.6410130572458392,0.4802667696162827
23.72,-0.3452262893263357,0.08136295100198099
23.740000000000002,-1.0302309972617711,-0.49205999471175393
23.76,-0.4382258058343565,-0.7951622712301981
23.78,-0.34233534562022727,-1.093334718183472
23.8,-0.4865579962332206,-1.0999133608934246
23.82,0.9642336350921289,-0.9838101206728777
23.84,-0.2142506437367779,-0.5303973802218325
23.86,-0.7874946499537118,-0.4281078355607391
23.88,-0.8854455312943423,-0.5819900509180304
23.900000000000002,-0.2720366138394649,-0.4910105818671424
23.92,1.6060940625902542,-0.816057978407046
23.94,0.3189715072294079,-0.5120287544016072
23.96,0.3214915299952739,0.04210710009430806
23.98,0.0936800249567095,0.2814689118938544
24.0,-0.14698523113277556,0.2453118518157454
24.02,-0.4884162064963625,0.5441556591461044
24.04,0.2713260657611017,0.07808172402959268
24.060000000000002,-0.5585893358343569,0.2424551241739647
24.080000000000002,0.025655062679207474,0.015497146649002841
24.1,0.3384887722180301,-0.373796543343911
24.12,0.22178845505508732,-0.2329374623643288
24.14,-0.7575968330556616,0.0443307406182738
24.16,0.3314722852497341,0.012515634533075859
24.18,0.05314932186286946,-0.10323626141099075
24.2,-1.3687824159437496,-0.10985265060627555
24.22,1.9562426685988608,-0.2692806540377307
24.240000000000002,0.36011367716924125,-0.13095394502295954
24.26,-1.7116548799726394,0.1626118545551892
24.28,-1.1578457476677344,0.030331176878020803
24.3,0.22429289447550999,-0.19557465081223865
24.32,-1.2448963448816952,-0.5127172428890077
24.34,-0.8208626139402437,-0.7776699309076559
24.36,-1.6657346366383936,-1.2176145785454033
24.38,0.4904166969111308,-1.2772474863031997
24.400000000000002,-0.6045713030592285,-1.3387912890980482
24.42,3.032203205606351,-1.212437242748034
24.44,0.2344080330080544,-0.025275718938573444
24.46,-0.022673161765912126,0.19433907821014318
24.48,0.2296799924251159,0.6513961517785514
24.5,-0.3710850898569983,0.70566661009242
24.52,0.165292838297478,0.42184858107195733
24.54,0.9731966268723002,0.29520092301201684
24.560000000000002,-1.8768490596483767,0.19185269775036934
24.580000000000002,-1.1792717367801033,0.19263965963261825
24.6,-0.04108282666021213,-0.4247867800271161
24.62,1.60041756740396,-0.9069400113247527
24.64,-0.45808427652835837,-0.3196034264218206
24.66,0.14022210284989975,0.0037802776776025004
24.68,1.9765472012717227,-0.08494279896561716
24.7,-0.5566195366897727,0.45619463262930676
24.72,-1.147055228248326,0.6747443549022397
24.740000000000002,-0.49068679625083883,0.6421411557341324
24.76,0.8837810934691583,-0.4393978479074814
24.78,1.1486470684941865,-0.21098264749254877
24.8,1.1702825516421078,0.14291434537468733
24.82,0.6586037523006396,0.7322017440195199
24.84,-0.26562222490013576,0.9610568227059543
24.86,1.9251907872335627,1.0985837441538153
24.88,-0.09688396235437176,1.1160671732363805
24.900000000000002,-0.09990057186519405,1.0138135135617174
24.92,0.4938213329550581,1.0995227588739755
24.94,1.5280196266619355,0.896447555425625
24.96,0.7226102741623853,1.1029221985008761
24.98,0.744510002160314,1.5361713151208278
25.0,0.41079697696505446,1.4516373824845075
25.02,-0.6761687408330549,1.322150765838272
25.04,0.015873630217354245,1.143660377452636
25.060000000000002,0.6171471634450305,0.6552768762169786
25.080000000000002,-1.2957430597714732,0.44968565114220904
25.1,2.2756517784919366,0.1452941094306368
25.12,-1.133275156829555,0.5424926450527082
25.14,-1.483880250526213,0.33059254154983014
25.16,-1.2804297081631384,-0.1650924921827268
25.18,-0.26173639935646686,-0.7418576476786751
25.2,-0.061089231862780376,-0.8639039584920466
25.22,-0.4390113394373525,-1.0065211539911914
25.240000000000002,1.7957216601099792,-1.2628336178799815
25.26,-0.4911827467664201,-0.4029876051736158
25.28,1.2324265844528373,-0.006929930922104671
25.3,0.7765073858919544,0.4406885742675475
25.32,0.10266488139609872,0.6735980409593121
25.34,-1.1689031967645291,0.6225026557894631
25.36,-2.5030707940719954,0.48281378425091126
25.38,-0.15223317432159544,-0.4953198231223992
25.400000000000002,0.5800759464473663,-0.6017817910989769
25.42,0.6770815024070981,-0.9126791449857984
25.44,0.29060075635975857,-0.7044867104954435
25.46,-0.6773009198147497,-0.14143924706847139
25.48,-0.7043350895470883,-0.11177347567589158
25.5,-1.9924452211350059,-0.5448549840658508
25.52,1.0439261940467535,-0.7270824727594399
25.54,0.6482749425729816,-0.8123253436356753
25.560000000000002,0.8704319029810572,-0.6222239474767968
25.580000000000002,-1.1727245937472999,0.07757126266154649
25.6,0.2681212689811645,0.11207037284096591
25.62,0.3755248393661063,-0.2038047445630366
25.64,-0.16516216050863156,0.35180047981808316
25.66,1.3182222979275529,0.21052859065416746
25.68,0.7748043486641562,0.21069760031355195
25.7,-0.4093288706128024,0.33418030938296206
25.72,0.07258395720295092,0.7088310341718521
25.740000000000002,-1.8403609264247918,0.5205778343675788
25.76,0.25482638341248615,0.056357443951212546
25.78,-0.03359032100717763,-0.1940165235456484
25.8,-0.8354043292741665,-0.2747524457802856
25.82,-0.39254607697446986,-0.667949421327648
25.84,-0.41099002906147564,-0.7996469762187515
25.86,1.1574607371220205,-0.7512363378505861
25.88,0.6667348815738235,-0.05340767622913323
25.900000000000002,0.652370053404079,0.3313894042076493
25.92,0.011096532814383978,0.4392471956041593
25.94,0.07546977711543892,0.23179256536424697
25.96,-0.8617078650138075,0.4665083376981006
25.98,-0.008614807617923104,0.3286916587319254
26.0,-0.34157145202902384,-0.3011441362196142
26.02,-2.195733474228778,-0.08545636822733974
26.04,0.14152215299192825,-0.7574242050841908
26.060000000000002,0.22726565800743692,-1.103506827847943
26.080000000000002,1.180161535534647,-0.7068113664640958
26.1,-1.2600818425513327,-0.20876120308960397
26.12,-0.5231952033854066,-0.182967857907395
26.14,-0.5071873338204111,-0.35712064568969276
26.16,-0.058701807074840844,-0.844196725849467
26.18,-1.7173964406221771,-0.4673403742270401
26.2,-1.0639477436354534,-1.014191159314302
26.22,-0.6992591099129299,-1.4133409251095235
26.240000000000002,-0.6809269956930964,-1.5092936764936489
26.26,-0.28132556531451125,-1.760097117128636
26.28,0.08682597904086098,-1.2209721871246588
26.3,-0.36293905227258194,-1.1861041321793275
26.32,0.02198097300893545,-1.220284670324588
26.34,-0.13024110095507538,-0.8043628600578697
26.36,0.2794325061461093,-0.692669323207936
26.38,1.295695716614404,-0.4177641858521768
26.400000000000002,0.35478852571672287,0.30039883824591174
26.42,0.540232736510928,0.3113117189210609
26.44,1.3473853510382574,0.5152729672368126
26.46,1.0519869682479195,0.8472839454419303
26.48,-0.3136925877377619,1.065064027371693
26.5,-0.5692523624005961,1.2622864014978599
26.52,-0.483233125852465,1.1228875235756584
26.54,-0.5554956655646258,0.4613081475209063
26.560000000000002,-0.5633369254129476,0.2968126061844436
26.580000000000002,1.6053959144771817,-0.4956666722549694
26.6,0.31093571090343686,-0.16596300011845078
26.62,-0.4526211905773731,0.005424867137894029
26.64,-0.738816826751564,0.25662700776363456
26.66,-0.5632271104701809,-0.05216083970563222
26.68,-2.585807976333295,-0.5863813763322219
26.7,0.05787902381749249,-0.9098973473831782
26.72,0.4769037484037008,-0.8425955100726339
26.740000000000002,-1.5581080116143653,-1.004823264485712
26.76,-0.9828739211329723,-0.9473274676016397
26.78,1.2806867231643437,-1.3423853119824847
26.8,0.4219615220060516,-1.1564526642587092
26.82,-0.203922841693999,-0.605313414248098
26.84,-0.703184528727127,-0.23717016714892034
26.86,1.7043016733262344,-0.16652648931715477
26.88,0.9800093095825885,0.14941405714938763
26.900000000000002,2.102099919342299,0.44128786164318534
26.92,0.2986143841396176,1.082364595920965
26.94,-1.5859002563389781,1.5827639050362767
26.96,1.4097559319590651,1.1452437940749485
26.98,-1.0672381352382536,0.9168250276304827
27.0,0.9550996513415826,0.4862400854483675
27.02,-0.09337606128226597,0.3280167887183595
27.04,-0.9794498446580255,0.5373961438489021
27.060000000000002,-0.49707115721027234,-0.097386125104161
27.080000000000002,-0.12475547881082752,-0.3519007828388006
27.1,-0.3974407038539006,-0.46891045438196255
27.12,-0.6451808398421054,-0.46996751907355117
27.14,-0.3206165552407857,-0.5435697898880897
27.16,0.7477115462999515,-0.903545130248774
27.18,-0.34188063420065895,-0.6623590578455505
27.2,1.0259891233940204,-0.521224313656761
27.22,0.21839160494730417,-0.24824280751270475
27.240000000000002,-1.3845840549196295,0.07392269816866057
27.26,0.13487402253099606,0.27731644816169443
27.28,0.15347413125013665,-0.4011433232115882
27.3,2.3218898313484764,-0.30470130731177375
27.32,0.015538543243791477,0.2730498776868695
27.34,-0.559317796133117,0.49787591615593796
27.36,0.8261558883467935,0.500568425743216
27.38,0.15718653455893086,0.7148459227095101
27.400000000000002,-0.11355613174428224,0.7570206758289224
27.42,-0.878657562407227,0.40915361409233597
27.44,1.9675024674181298,0.08412281065064325
27.46,-1.2015384555683557,0.4352630517322019
27.48,-0.2424546918954167,0.25952682921634007
27.5,0.7758092964855705,0.24406410673879436
27.52,-1.345806851286884,0.12716656150577402
27.54,1.1712463954549797,-0.06082654391648497
27.560000000000002,-0.5121439822068636,-0.22104606266148624
27.580000000000002,-1.162828893444969,-0.19858993383983545
27.6,1.8622293861518382,-0.14293069676825115
27.62,0.07182380929266043,0.03638819400963944
27.64,0.008948846839369317,0.2674712640753403
27.66,-0.3084147967006441,0.17530937270363747
27.68,-0.24255058284625086,0.5072376759192397
27.7,0.2868529583425917,0.2819445078156694
27.72,-0.040532479978237355,-0.16886103141952336
27.740000000000002,0.07020942976090665,0.1543291287437907
27.76,0.5698720816786711,-0.018676932730798637
27.78,-1.208825347053807,0.30561016269529645
27.8,1.002605777065597,-0.022216701255029243
27.82,-2.0576622315770137,-0.21912641420729423
27.84,-0.6694886042940518,-0.37910643176957426
27.86,-2.042440600647384,-0.7925165689432819
27.88,-0.34809125844188943,-1.3773910884493847
27.900000000000002,-0.9472890116695754,-1.8253052998103012
27.92,1.0280493093686558,-1.544310297560688
27.94,-1.9694356463477056,-1.356938249110566
27.96,1.6649940959405916,-0.9423736891584994
27.98,-0.31631569518721586,-0.8026363165153998
28.0,-0.6383090792294194,-0.4787919011018995
28.02,-0.4439170349695036,-0.31922700232776
28.04,0.7926339017218605,-0.3497660939761165
28.060000000000002,1.5053142905141612,-0.24219289451184883
28.080000000000002,1.0391194175656024,0.07962271106097067
28.1,0.4447732586809705,0.6910734324431517
28.12,-0.04125828248620258,1.034374584260438
28.14,1.025923535111214,0.926508346979783
28.16,-1.208775865777893,1.2370208334950439
28.18,0.6436831385987167,0.5979153385661289
28.2,1.127994462224215,0.7722161013000755
28.22,-0.8059698810401124,0.7400590528244972
28.240000000000002,-0.5686042616953738,0.4667318552387557
28.26,0.5779955714471791,0.364124398007558
28.28,-0.6999249350344213,0.27293933996011055
28.3,-0.33056060101257434,-0.06009420869105645
28.32,-0.9474623663774054,-0.26497680883010655
28.34,0.7946465501896719,-0.38472716212716573
28.36,-0.9919925176406531,-0.3774515057883965
28.38,0.13032086796272166,-0.4753219518873698
28.400000000000002,0.6717137254286434,-0.48447999900885086
28.42,-0.6374003664226112,-0.1598918169626611
28.44,-2.371018018854487,-0.301053218919076
28.46,-0.20863083653302858,-0.8550723724513927
28.48,-0.5278608255198004,-0.9604061554864717
28.5,0.29377873331785004,-0.8670640456555905
28.52,-0.7625695755180171,-0.8330674576524533
28.54,1.362089101889256,-1.0228396700198563
28.560000000000002,-0.2601139838991354,-0.6527866018173065
28.580000000000002,0.20792705285206142,-0.11394085521786596
28.6,-0.4013711387015541,0.016544297599026966
28.62,0.7072411120635076,-0.24088304123423135
28.64,-0.6353831446121624,0.28192200347790486
28.66,-0.7139943120226185,-0.07190523490153296
28.68,-0.9021457823389292,-0.11216368958314064
28.7,-0.7840261728819788,-0.5059702892212523
28.72,-1.2697637228594416,-0.6169559633429232
28.740000000000002,0.403859845041923,-1.0604286598229968
28.76,-0.3941363167353169,-0.714744743058443
28.78,-0.7801105572189772,-1.0404048906843504
28.8,0.5965204032388444,-1.0716057647315684
28.82,0.659362795275383,-0.568481018155661
28.84,-0.5689990107730026,-0.626495133364765
28.86,-0.795714208161038,-0.18066785534104102
28.88,-0.15421430394146549,-0.6597821432935823
28.900000000000002,-0.725146227628268,-0.4711332953452404
28.92,-1.390710777340419,-0.4925253405723687
28.94,1.1700211860295635,-0.8935137307222087
28.96,-0.6253266842341187,-0.7472771162065169
28.98,-0.7471670449964368,-0.5422942774214614
29.0,-0.07980141829815304,-0.7100427355555818
29.02,-0.6361575482500703,-0.534812036662161
29.04,0.9728628745998303,-0.7886427112209556
29.060000000000002,-1.8636589846015217,-0.6179346257355303
29.080000000000002,-0.9804933828629913,-0.651041980339842
29.1,1.5052288823719489,-1.1317725201663802
29.12,-0.05282357129756886,-0.5914429292370474
29.14,0.14435081982028272,-0.19771579517779206
29.16,-0.5570451577276047,-0.023565252120191865
29.18,0.33040127785713747,-0.15400424668318055
29.2,1.0635038871628315,-0.0411422838631717
29.22,-2.5460357301545655,0.28029561699729955
29.240000000000002,0.6353443629033569,-0.19756394630872381
29.26,-0.912598354003761,-0.17980718547099817
29.28,0.9752290992952162,-0.5820313651037932
29.3,1.488423647867362,-0.3944326180142545
29.32,-0.8858521254556587,-0.19123467626472762
29.34,-0.5810728628459393,0.25839354026253725
29.36,0.3111822986435458,0.1368287688637947
29.38,-0.6740152966059442,-0.07528254669414075
29.400000000000002,-0.5195135459264504,-0.028317280404608597
29.42,0.013261460191235816,-0.204072992249035
29.44,0.26552987809021006,-0.18291095951288455
29.46,-0.6402151430347821,-0.3887064511735224
29.48,-0.057906972635217886,-0.24012242468031997
29.5,-0.46265064061129546,-0.4341281524526732
29.52,0.946448761156447,-0.4698083315693005
29.54,0.2609931796562013,0.008133661647692081
29.560000000000002,0.1919954967778563,0.0705056026227842
29.580000000000002,-0.18680359684550318,0.3753104545154923
29.6,-0.03612494548491996,0.19963287689500323
29.62,-0.48111303146089357,0.15842556983341052
29.64,-2.6345220553967392,-0.13145767755924
29.66,-1.3526954442557066,-0.26100253192420875
29.68,-1.8934575313860844,-1.390415395236789
29.7,-0.025249606982264826,-1.7344863752006543
29.72,0.5545989938619847,-2.0335212634893276
29.740000000000002,-0.390968167578683,-1.8503932814868285
29.76,0.7063869949435566,-1.3553179210644022
29.78,2.614374516895957,-1.0736538217006792
29.8,0.3648842227683204,0.1649119914414364
29.82,0.23133878154488813,0.8120518130864849
29.84,2.892164487546985,1.195654144245577
29.86,1.0999758551923038,1.743064619058124
29.88,0.36225826239543835,1.950628141697842
29.900000000000002,-0.550223249336638,1.9027259437368516
29.92,-0.18122646916669596,1.4433013341996666
29.94,0.4297706181357628,1.45074564109926
29.96,-1.6818304514503049,0.9142880566670036
29.98,0.978304811085057,0.45516387235207706
30.0,0.21036932503159655,0.13433180421965205
30.02,-0.43914051629005146,0.27038909367449393
30.04,1.673205103790697,-0.07471767637583371
30.060000000000002,1.4557182224943568,0.4159928961735347
30.080000000000002,-0.4591033991994943,0.986925136635913
30.1,-0.6017624135361873,1.1925323083402337
30.12,-0.7443263875963111,0.6325115867489314
30.14,1.9660435136170136,0.7616772757954748
30.16,0.13177785646341192,0.5452665185472256
30.18,-1.1343700519761177,0.5163718733779559
30.2,-1.4268517096808693,0.3750577585231719
30.22,1.3747582079417409,-0.29697594039908215
30.240000000000002,0.46972732828245306,-0.22417925363402746
30.26,1.1113487179792914,-0.08373331072435215
30.28,0.41729473525258587,0.5642816960726782
30.3,-1.3233272407884298,0.7469153675127324
30.32,1.465326467895119,0.4734618424828448
30.34,0.29183302864804184,0.4105361888586472
30.36,-0.9439306113100076,0.36276707152127136
30.38,0.5129400913464894,0.29134236690185183
30.400000000000002,-0.8869284576764106,0.3148858267600268
30.42,1.1604618943457294,0.315229564796404
30.44,0.2100239206199627,-0.03211767440100348
30.46,-0.747433321290863,0.40892170332588285
30.48,1.1697083842121263,0.030865723961787855
30.5,0.29212192355921396,0.1810289450538466
30.52,-0.5372291706028496,0.2805074933543962
30.54,-1.0196830137083275,0.5007744401868692
30.560000000000002,-0.4826258184393356,0.3061986147967344
30.580000000000002,1.197704966925164,-0.23516082396352664
30.6,-1.016705500721953,-0.3429429168412076
30.62,1.2120052241618078,-0.3600952355745458
30.64,0.5816011341697059,-0.1747708325597025
30.66,0.968502711656253,0.3595374648404895
30.68,-1.2061619123703287,0.5539270568482557
30.7,-1.9018699819486535,0.05877852727677724
30.72,-1.107515400583565,-0.11816042336198936
30.740000000000002,-1.5847272663248144,-0.7816607177349729
30.76,-1.2865096807927583,-0.9524514243430104
30.78,0.7101218576676466,-1.4978043645474002
30.8,-0.3526362518433263,-1.725042767680862
30.82,1.120384016446773,-1.2345759766684468
30.84,-1.4070011673265461,-0.6582350795697492
30.86,0.34817605848264016,-0.464739426008435
30.88,-0.5903422564630335,-0.5835262840994198
30.900000000000002,-1.5526227411635527,-0.3838120702168026
30.92,-0.4065895565509832,-1.027956366382482
30.94,-0.7205632704551586,-1.012868078066321
30.96,-1.0093624099241143,-1.0736427729636868
30.98,-1.3270807233060786,-1.5245329398411533
31.0,0.5884603392087927,-1.499003058545225
31.02,0.6433144141428427,-1.3102055403853403
31.04,-2.1670847782112928,-0.8840351132074851
31.060000000000002,1.1497611722765517,-0.9998560281544582
31.080000000000002,-0.07888359515907983,-1.1991104445094416
31.1,-0.7607855912697453,-0.6919396609830439
31.12,-0.7312777313518591,-0.6028687727198061
31.14,1.3126511173235407,-0.7176261425247117
31.16,-2.118614537786987,-0.6076931828459027
31.18,-0.5374852232343035,-0.3636719683516467
31.2,-0.706744873651223,-0.8998141550073553
31.220000000000002,-0.12864906798236064,-1.005900106247546
31.240000000000002,-0.14357703189681353,-1.0359779009501802
31.26,0.0833661066182694,-0.9447512614999812
31.28,-0.9678622799510349,-0.7174598900737204
31.3,-0.1538723409736706,-0.6341956603212318
31.32,1.2782821554641666,-0.5312230501425341
31.34,-0.24022475966482923,-0.1434573886282448
31.36,-1.0873046689199262,-0.042246304493874565
31.38,0.20836326551556147,-0.37610664452730724
31.400000000000002,-1.231842559379418,-0.6763092492182661
31.42,0.38230525192447046,-0.6082433705402055
31.44,0.26809058429358695,-0.538734340612686
31.46,-0.25191836739194634,-0.3498335388353114
31.48,0.7607535605018697,-0.28394362901692294
31.5,0.1589596232712512,-0.08769650615567436
31.52,-0.4982009994699365,0.2967855697308821
31.54,1.0957987051363314,0.145774212994807
31.560000000000002,0.3881400691194462,0.41718236577011303
31.580000000000002,-0.5853298503954641,0.6152679320419029
31.6,1.5833786088563437,0.22888513477951547
31.62,0.42090380584759074,0.7886219317131812
31.64,0.2870409196622163,0.6190687614631882
31.66,-0.9506435324395575,0.7914285747976111
31.68,1.6468592026844036,0.7850900705599522
31.7,0.5951856882324535,0.5843518991908101
31.720000000000002,0.27424410193063975,1.1061276431779739
31.740000000000002,-0.9586357139786633,0.8810363979686987
31.76,-0.8875409047150459,0.5740954358091349
31.78,-0.17042647743822703,0.2835797666321141
31.8,0.01782251048912973,-0.4091644587576355
31.82,0.2945204767045027,-0.35064975268048676
31.84,-0.37842230785822034,-0.18674935287996894
31.86,0.5440486423129518,-0.15925290307692808
31.88,0.5996915000948448,-0.12374726200127235
31.900000000000002,-0.5949530442120631,-0.18725563787227445
31.92,1.1215627980342135,0.23933074687541445
31.94,-0.5706372434677651,0.22392464080886282
31.96,0.6117018567026477,0.42305116809534116
31.98,1.1608135033945515,0.45076418924408845
32.0,0.046221932960138414,0.6034107037871099
32.02,0.39691949669495286,0.7721417153480841
32.04,-0.17464026627136556,0.9280025964561666
32.06,-0.9226893476938306,0.7424061534397219
32.08,-0.6430637055882489,0.3080517697448881
32.1,0.48971941150164494,-0.08851083547449176
32.12,-0.08216306996233003,-0.18113295809037708
32.14,0.2614269517343971,-0.2395450855527989
32.160000000000004,-0.9977039174926347,-0.03200242749400195
32.18,-0.12430502218145872,-0.1061106218931777
32.2,-0.42269734690243926,-0.11111786635033943
32.22,-0.10402029245333759,-0.30835753197219573
32.24,2.349692472743246,-0.5330963419643238
32.26,0.9546571934644649,0.005001271987273237
32.28,-0.1840384228891473,0.7543717252136801
32.3,0.1703231978056463,0.9285995891557492
32.32,-0.7707754036489365,0.980515717763202
32.34,0.35332357283646504,0.6326227587727019
32.36,-1.4326907028728022,0.39784209480750543
32.38,-1.9038243253184908,0.23128277308465123
32.4,1.1778820265888619,-0.6234646853770393
32.42,-1.932948435694595,-1.2065248003885445
32.44,1.1343144959350775,-1.2612605280545532
32.46,-0.018303167516428166,-0.9875777980423042
32.480000000000004,1.4947523975627348,-0.7023365448982196
32.5,-0.6574852903840381,-0.10188367064632661
32.52,-0.2338184269517424,0.31205801244433906
32.54,-0.9908216973377028,0.4066792504999571
32.56,0.8785822388148099,0.07910694758175563
32.58,-1.5092180574254292,0.1776622282346054
32.6,-0.39656371819309677,-0.3544444840241562
32.62,1.8217076388075635,-0.7787504009791528
32.64,-0.4209824040816452,-0.45565707279333906
32.660000000000004,-0.7748067970057919,0.16191447691672778
32.68,0.40271773438711,0.13142913877171533
32.7,0.4216093061229895,-0.1954697198972808
32.72,-1.2235182313924289,-0.10600410213859818
32.74,3.461910926624306,-0.046269501066550006
32.76,-1.069060514011803,0.24894566733012163
32.78,0.9166850631035149,0.8626289788507966
32.8,0.1002795853746155,0.7711112204380176
32.82,1.8390550562672765,0.8671031413991637
32.84,-0.8900214018995479,1.1426173846978582
32.86,-0.14350812411282057,1.1071368383153106
32.88,1.0724949045997854,0.49916173232832706
32.9,-0.16593353721449183,0.760647395525352
32.92,-0.6682818888241879,0.8002112911928634
32.94,-0.2146634114410186,0.2965443723768228
32.96,0.2690446843393062,0.40323309235995053
32.980000000000004,-0.20453820201072795,0.1696627386801963
33.0,-1.2489532747657999,0.06334978581913313
33.02,0.8297007248920616,-0.5768884288913574
33.04,0.0943328370375317,-0.41801851002985896
33.06,-0.5558140155156649,0.0581698040112312
33.08,-0.06566212044344369,-0.17215870365425218
33.1,-1.2914829979316702,-0.5055894259234139
33.12,1.7593928361130238,-0.36514004382241144
33.14,-0.5653134117909718,-0.3554152751116359
33.160000000000004,2.282636458918621,0.15992286194991923
33.18,1.3991798261524984,0.01521911487343397
33.2,1.1847360750566795,1.0947888520039588
33.22,-0.9131162253277769,1.4742894345563295
33.24,3.5858216946589767,1.6247936961449585
33.26,-1.777317256761204,1.461912696829884
33.28,1.267448997632679,1.6777426563137845
33.3,-0.19893697225687038,1.5848412488744286
33.32,-1.4862394800435303,1.276895721272689
33.34,0.173428048319055,0.43769993682865527
33.36,0.02187565123265046,0.28334867832805744
33.38,0.3188784450952841,0.06848153121620953
33.4,-0.1958897908684403,-0.28259456246913506
33.42,-0.8576229540388695,-0.18121908208753876
33.44,-0.1709503917412183,-0.26296354498608865
33.46,1.127379617633496,-0.3755145221555365
33.480000000000004,0.006139224168604285,-0.03565603831558223
33.5,0.9749236011419533,0.040149582757893966
33.52,0.5309220264941291,0.26037757088579805
33.54,1.075711079699642,0.5073505791819248
33.56,-1.1615405986000502,0.7743049152159676
33.58,1.3658004527679573,0.6730287871317746
33.6,-0.6574261216389887,0.9202962275924932
33.62,-1.4094962861085203,0.5667617791780472
33.64,1.056398830721074,0.13887160419146363
33.660000000000004,0.8585867751779392,0.021875147431585036
33.68,2.117715199149336,0.31598547784995784
33.7,0.025565158409151436,0.8283045010727985
33.72,0.7047623958830475,1.180843198164118
33.74,-0.45786751152196214,1.0688756031105635
33.76,-0.9887953900166824,0.9755996267884182
33.78,0.8803139151642381,0.4144507342478726
33.8,1.01126630792047,0.42923804238469426
33.82,-1.5002533927881743,0.47479299509896244
33.84,1.630957419924661,0.736205431405218
33.86,-0.5893215071872014,0.3497983591792184
33.88,2.047539825285574,0.6091499833351492
33.9,0.5500007081547825,0.7024954659318748
33.92,0.018498140850760063,1.1874484837366956
33.94,-1.3514091224081164,1.043700765549457
33.96,0.06978518307672453,0.6599083217265236
33.980000000000004,-1.2136944910020968,0.3906829860255081
34.0,0.5368324015366842,-0.18847742176779708
34.02,-0.8767008100443623,-0.23626593916076527
34.04,-0.41456119432666605,-0.3331011398135291
34.06,-1.0681508268794084,-0.6958714109531278
34.08,-1.0611871635836674,-1.0844077212153431
34.1,1.352224480892211,-1.1970641734235552
34.12,0.027018513723322767,-0.4889044210019816
34.14,1.2056555153661301,-0.17581046927944294
34.160000000000004,-1.8866903479234824,0.0597045109427396
34.18,0.11948187615921829,-0.10481854777269153
34.2,0.9020008262298436,-0.16108797409998266
34.22,0.17523905784480343,-0.10061167458682466
34.24,0.5946255029837011,0.050906065010765424
34.26,-1.5143361792786802,0.19654203231060427
34.28,0.05983589789332151,0.1950632542251315
34.300000000000004,-1.2886041502586723,-0.2901776380202634
34.32,2.4849726982195732,-0.4026203964364204
34.34,-0.7979519686349931,-0.20508922215671505
34.36,0.36743698940777675,-0.061354372854550115
34.38,-0.46832284441933125,0.22060843922034942
34.4,-1.339033658866455,0.017791854985899733
34.42,-2.3882689014095586,-0.01399611177771487
34.44,0.6024834596829644,-1.1118356776567657
34.46,1.3110237950284047,-1.0759573137739271
34.480000000000004,0.11719065269504228,-0.5899653552202361
34.5,0.20182687705133387,-0.3261882238103518
34.52,1.4603561271248484,-0.03699810133793396
34.54,-0.02621279593491766,0.0890977910359439
34.56,-1.2657258393228272,0.7255444839670682
34.58,-0.3259579659660225,0.3068323340630136
34.6,-0.8666112585958978,0.062414791798421895
34.62,1.1294445514420541,-0.21838573896499802
34.64,-0.10552526548270695,-0.5008850925526552
34.660000000000004,-0.024516073950479254,-0.05738539646567857
34.68,1.8226120735114097,0.14274503759055862
34.7,0.1850083559918774,0.4125725594654864
34.72,0.23957271264571464,0.667835995729762
34.74,-0.8116501586063658,0.717740278498014
34.76,1.4850871316279366,0.7049369412420293
34.78,0.00017601115307000915,0.8302454471578937
34.800000000000004,-0.008724145373843046,0.7020621587897257
34.82,0.16346412250434345,0.4791250313264523
34.84,0.5541654685259778,0.627666150080491
34.86,0.3963070912321681,0.2640330697406226
34.88,-1.192267754779127,0.8083658664759591
34.9,-3.4260474420727465,0.48228661625396596
34.92,0.888054072992139,-0.5222315256674948
34.94,0.19519721845295662,-0.8565978653630719
34.96,-0.9876757265211582,-1.1070522634124915
34.980000000000004,0.7285467260263838,-1.0069946003758625
35.0,-1.3208959082092715,-0.5654953995642094
35.02,-1.1423249950973775,-0.4740912048161934
35.04,-1.7288303216842378,-0.8090930601151565
35.06,0.04597778128797763,-1.4676092455516858
35.08,-0.710371184406351,-1.6335561852417386
35.1,1.033938905135053,-1.5842078038840735
35.12,0.7161635535856179,-1.3202306968128934
35.14,-0.20245836325329072,-0.48817101046931394
35.160000000000004,0.4475654161625641,-0.15576602466409914
35.18,-0.3424514669288575,0.06602317697336595
35.2,-0.49382344901672703,0.17534842956473007
35.22,-1.62681175778722,-0.06545484427526892
35.24,1.2913710580924453,-0.5990327221763947
35.26,1.9938367214088715,-0.4008829781507476
35.28,0.40173596323756977,0.04668400434987752
35.300000000000004,1.0109937930751414,0.7311089666647116
35.32,0.09554461179252503,1.0839026179972269
35.34,0.0969346766935414,1.4901147443545872
35.36,-2.175809790641711,1.0135294633389869
35.38,-1.0399631294945741,0.35592241529983515
35.4,-0.8249604013980167,-0.31252865457024237
35.42,-0.192961589942913,-0.7445554262229344
35.44,0.9976756885697244,-0.921553835768955
35.46,-1.8012253244433045,-0.9052662201803272
35.480000000000004,-1.7560337633020715,-0.8482959155045815
35.5,-2.0481898867675215,-1.0811034094617988
35.52,0.3852447634552019,-1.6724320993544852
35.54,2.130442391508972,-1.7880221300353694
35.56,-0.395906817556924,-1.4939896414691356
35.58,-0.16815684819939963,-0.3507459943235264
35.6,1.6887063183453581,-0.6222519909983633
35.62,-0.8089042648004939,0.20860922778762106
35.64,1.0574637549593153,0.29163681048413237
35.660000000000004,0.3177052520711711,0.5996812644832832
35.68,1.1197280441137993,0.6548762045537331
35.7,-1.6930027191722352,0.7365085324751153
35.72,0.024788795088069415,0.6890106887860047
35.74,-0.5094908608002531,-0.041389979164752705
35.76,2.1412401944136494,-0.017599201263813563
35.78,0.68144217790314,0.09561489235700799
35.800000000000004,0.21013279441447305,0.8083224216790681
35.82,0.7210225209026868,0.9003987916791615
35.84,-1.0817095917294848,1.0675600129890805
35.86,-2.6306509138794367,0.6140574842617219
35.88,-0.1016518162742151,-0.03039968232327102
35.9,0.9043695624695787,-0.8149005490192652
35.92,-1.3913848371321238,-0.8842484045486368
35.94,1.1400751411484358,-0.6019820357124547
35.96,-0.7750601396869222,-0.5776827615517893
35.980000000000004,-0.2291212795093895,-0.5989717900392499
36.0,-0.8451976638935395,-0.3026297902972096
36.02,1.2367192914674137,-0.7938793924201402
36.04,-1.3833983780301173,-0.15119433955909228
36.06,1.4755567966138143,-0.7137270334791724
36.08,-0.6220998866546381,-0.23922550126160652
36.1,0.9631175361829877,-0.01434516169849816
36.12,-0.7363159503875158,0.29823454583532144
36.14,0.9679255028919839,0.05928136296438538
36.160000000000004,-1.1944862186944019,0.2819847221521794
36.18,0.943934332727642,0.14171119102188678
36.2,0.6032214814422135,0.17147632862663836
36.22,1.1703245353102514,0.2053768477337924
36.24,0.6681353837292053,1.0353950376631125
36.26,-0.939603080731344,1.0563174313983121
36.28,-0.26420096566280354,0.7751010455395967
36.300000000000004,0.3488662432432746,-0.1558602804737883
36.32,-0.4489725857332925,0.47078464470334636
36.34,-0.5399108763888566,0.1414737891918718
36.36,-0.9073408221183534,-0.23517766759831762
36.38,1.1695359959264433,-0.31438085475163946
36.4,0.07307097268681008,-0.49296158759585507
36.42,-0.10398103748633274,-0.21172872455635794
36.44,1.1695310741199862,-0.23510531244711624
36.46,-0.9282963440344082,0.23068894608011886
36.480000000000004,0.16420923804955598,0.01710492930600771
36.5,1.1272933371249183,0.08422690315706907
36.52,-0.4027227770672862,0.1045651038409166
36.54,1.0907677283084802,0.24207472539458283
36.56,-0.3840882155166155,0.6148258234927447
36.58,-1.4818010509578616,0.5762084507749444
36.6,-0.3717215451371818,0.2112131863347655
36.62,0.0660417358866355,-0.4395869619084761
36.64,-1.3929373366414473,-0.40830931024848116
36.660000000000004,1.116278768615047,-0.714469725097105
36.68,1.6755859357088958,-0.8203779282547676
36.7,-1.4470301376195656,0.10680807891201341
36.72,-0.6490353407590945,0.1319490556464402
36.74,-0.60280945487671,-0.0023368288341582555
36.76,-0.9581801759874389,-0.4389704220204166
36.78,0.17959201756958884,-0.790799239626168
36.800000000000004,1.8320846460522155,-0.8468737601426507
36.82,-1.80124433410252,-0.21852034865094652
36.84,0.3054307725832621,-0.33509233274705724
36.86,0.5528900185257383,-0.41550734328482053
36.88,0.13707596193631036,-0.23019896353650088
36.9,-1.417284302971628,-0.46162484215451516
36.92,0.6761444740267771,-0.18052654344135233
36.94,-0.4412933004463388,-0.057798083205386735
36.96,-1.2227752614303695,-0.1475671321513737
36.980000000000004,0.22880492233910868,-0.3457868722360544
37.0,-0.6945282091205773,-0.6352842265581498
37.02,-0.7170233480109978,-0.6308085868692284
37.04,1.134131639800236,-0.6559014257894936
37.06,1.5083680552682266,-0.663192408463064
37.08,-0.6953335015550917,0.33764307357815543
37.1,-0.12409367875013684,0.16934269578460515
37.12,-0.4670251079493852,0.2212712621449314
37.14,0.2035835900518498,-0.12720543507201518
37.160000000000004,-0.25879847679860524,-0.2711800436683339
37.18,0.5769713816641272,0.06278755222784693
37.2,1.1204094505184463,-0.0013910996080885366
37.22,1.5994770518712187,0.5592803614966522
37.24,-0.12509703122785581,0.7734753394573922
37.26,0.12318210094817167,1.0031829157461922
37.28,0.13125699286436715,1.053523792302118
37.300000000000004,-1.0084967116708465,1.124878337449341
37.32,-0.6005281910754953,0.456920918008985
37.34,0.11786781874666502,-0.07297019406818948
37.36,0.13882434614107955,-0.08895779753774077
37.38,0.7656502558153547,-0.29679156237614823
37.4,0.4848901600376856,0.11290445012649548
37.42,-0.6818023739003821,0.12979078499111493
37.44,0.7668350880710109,0.36261464779665875
37.46,0.09412499135810148,0.401154082902083
37.480000000000004,-2.475810731249757,0.09237986769396633
37.5,-0.26025106619211585,-0.15375867692043765
37.52,-1.4198003367384977,-0.8449874987831002
37.54,-0.6262186225774472,-1.0024192154637095
37.56,-1.29805540048634,-1.672175121946257
37.58,1.3988963057111135,-1.3624542390003316
37.6,-1.3430808932103195,-1.3021856269732384
37.62,-0.21544471264508883,-1.0679396448792093
37.64,0.2299319479113566,-1.0923104873591558
37.660000000000004,-0.28098872452755774,-0.6445081052965402
37.68,-1.7423295581464622,-0.696648688940723
37.7,0.3275320760695272,-0.8884026836531947
37.72,1.1274786333048707,-0.7471964695285014
37.74,-0.39963288112541695,-0.5133807167983097
37.76,0.2836603434996685,-0.5445394084454238
37.78,-0.06666117927661833,-0.15816077221457228
37.800000000000004,0.10238644562421377,-0.10517991127810948
37.82,1.7703442827394902,0.2483921726298871
37.84,-1.1005956584015515,0.5876757173755798
37.86,1.098710413116607,0.44681822626998363
37.88,-1.329257201922165,0.414358774158861
37.9,-0.563496261437578,0.46205033879875834
37.92,-0.918010385582171,-0.17945262747654953
37.94,1.4282755142491146,-0.5842080205159086
37.96,0.25603418980913156,-0.11701633357583521
37.980000000000004,0.6795765718318784,0.13174477564195
38.0,0.25985102021435585,0.22047355272494681
38.02,0.4306673478825177,0.5923933406992938
38.04,-1.260540291569246,0.3888432233638732
38.06,2.017785270050785,0.2535276057842586
38.08,1.161626709632629,0.24721489914491726
38.1,0.7333064684492222,0.7690870354479795
38.12,0.21638754643414596,1.0329816730349588
38.14,0.29920599716854634,1.1060197292568823
38.160000000000004,-0.42013380012217344,1.2980700286488818
38.18,-0.7941568167187197,0.9448858070811863
38.2,1.056121060203946,0.4594813328246604
38.22,1.0258877326036737,0.13791730359445473
38.24,0.9874639403928149,0.5400273446146867
38.26,0.5471513314905339,0.8874514232732196
38.28,-2.0891199489001466,1.0990825748328512
38.300000000000004,1.4862248390057817,0.7819474217356628
38.32,-0.8971136362471884,0.30792455188993606
38.34,-0.1915064347214033,0.11833577163667788
38.36,-1.9985550868924549,0.027095688727168558
38.38,0.4919066199813112,-0.5691152508965145
38.4,-1.19118065742389,-0.5337281213618554
38.42,0.08024225366424662,-0.6353605432899714
38.44,1.758494262278282,-1.2041158446079967
38.46,-0.2434189670246784,-0.4792316728885698
38.480000000000004,0.822363935385686,-0.05380605355508777
38.5,-0.16713000366304454,0.4013556267153028
38.52,1.830664535723283,0.367279961306355
38.54,-1.3600448117629036,0.7211502558257238
38.56,-2.449787986953968,0.8271346769643193
38.58,-0.042677279878042006,-0.299523078014668
38.6,-0.12958079945367804,-0.4937284395730689
38.62,-0.6928036177104437,-1.0280481743870438
38.64,0.9503617742607411,-0.8573299241781874
38.660000000000004,2.1297514559463258,-0.5666531212826259
38.68,-0.2533959947259808,-0.0020230078150026004
38.7,1.1421689310626937,0.45288099083524946
38.72,0.30960469956394343,0.8619645595576081
38.74,0.022559116598301024,1.2418174455051045
38.76,-0.2922084645460226,0.8127244498930196
38.78,0.04944057611474422,0.7299201690392566
38.800000000000004,0.3137150225112982,0.4497241040645045
38.82,0.3055294967226918,0.11427962632141442
38.84,2.0745943347843117,0.4337845549624852
38.86,-0.02464768832484521,0.7848132885115403
38.88,-1.1205343636571208,1.0858964340818875
38.9,-0.805091572841477,0.6951751503018139
38.92,0.2837105858943159,0.2962257452289473
38.94,1.0070653504773863,-0.061598089851409986
38.96,-0.7871624882788023,0.0899188930218833
38.980000000000004,0.9342268997004667,0.058777015327743924
39.0,0.6464193195127955,-0.1477415206409762
39.02,0.33077783279078266,0.6034265584982861
39.04,0.6746712470801847,0.7607708854770856
39.06,-0.7705854347419735,0.5619448702203522
39.08,-0.4838814983045842,0.8544348672299171
39.1,0.8965503181455388,0.3339503939540495
39.12,-0.7717556531960968,0.19885805012949673
39.14,0.6604299320001892,0.15437542978811453
39.160000000000004,-0.7972871387317438,0.09593893597078061
39.18,2.4013394144479485,-0.0368256356270966
39.2,-1.5901936786326913,0.40479664191057607
39.22,1.3398997020616665,0.37296860758422773
39.24,0.399577305571005,0.4084783993415837
39.26,-0.15976358612853395,0.41968371721176223
39.28,-0.5080654818686144,0.550845654239308
39.300000000000004,-1.4137988769957803,0.6852366234424456
39.32,0.46282438171472234,-0.4875717269376766
39.34,-0.7724978875642367,-0.15602750604647658
39.36,-1.362061634818601,-0.7227849347330686
39.38,0.723556337240202,-0.9480242853737157
39.4,-0.6249869002258496,-0.9622863497166213
39.42,-1.176698659453066,-0.7951190646442859
39.44,-0.8479702848701913,-0.9209713558863001
39.46,1.0408146216968734,-0.7363458360736519
39.480000000000004,-1.926957756842477,-0.8837121205177275
39.5,0.3630738619566178,-0.5787498913258122
39.52,0.807627770827224,-0.8484298072305225
39.54,0.11313824372737796,-0.532320049089039
39.56,-0.0625948587617214,-0.29300394352952946
39.58,-1.0274671662470407,-0.27922988301641694
39.6,-0.5963116646165664,-0.32013690107279785
39.62,-1.395163523503108,-0.5328240705369371
39.64,-0.16988596688043145,-1.0307677394749137
39.660000000000004,-1.4531601969672638,-0.9880221520790746
39.68,0.7405949005534666,-1.2922889183107775
39.7,0.3821319295366239,-1.2138906808637255
39.72,-0.8702622957043932,-0.8189193883998224
39.74,0.6362983433295245,-0.641882898641884
39.76,-1.1292474571428055,-0.5356767432609043
39.78,-0.6821647981113403,-0.6342405876380692
39.800000000000004,-1.265972520598159,-0.7259524274999466
39.82,1.003523423884619,-1.008814370549729
39.84,-0.004154633738030377,-0.9781420008361417
39.86,-0.5066671087917571,-0.31987473774532305
39.88,-0.3221029370099168,-0.40967708335211644
39.9,-0.4093175709253875,-0.23431481286166012
39.92,-0.5616063612454939,-0.5088520853747925
39.94,0.6484621307416418,-0.4399285024720403
39.96,0.15171457166171848,-0.8402002512649938
39.980000000000004,-0.9516839461666641,-0.09431090818969257
40.0,0.15465329616655005,-0.33209075773653624
40.02,0.02111037688864483,-0.31472070514477823
40.04,-0.46707458674312136,-0.41090016267067736
40.06,0.05101897484704513,-0.3319772349743695
40.08,0.8928216223098013,-0.4552840474092561
40.1,1.0817904876882458,-0.17400166497246505
40.12,-0.5601528119768785,0.4232552337024229
40.14,0.20901757394248105,0.3047683537710879
40.160000000000004,-0.236298585955894,0.413555329991118
40.18,-0.328960504282723,0.322302880457159
40.2,1.4111178817303969,0.08501592687879667
40.22,0.7735554481129284,0.24930882818957162
40.24,0.03804409348477955,0.7451352828735767
40.26,-0.1617560994813792,0.4839444539732945
40.28,-0.9730114120721226,0.7218637942650501
40.300000000000004,-0.7151433662487563,0.36684262898518544
40.32,-0.32235617182059495,-0.12424930078785285
40.34,-0.6090558049393194,-0.8203670656598772
40.36,0.9694580642552599,-0.4789989400288538
40.38,1.5775212221734618,-0.17028609553439894
40.4,2.502997078302826,0.09384995445748476
40.42,-2.0752676312303797,0.6999138818029853
40.44,-1.30240685856094,0.9521340882733216
40.46,-1.4708721214007203,0.5195275624172617
40.480000000000004,-0.45156735346692717,-0.5594296837159389
40.5,0.21203523448628891,-0.743960357908841
40.52,0.479134042307869,-0.7470614421077375
40.54,-0.20089541291022042,-0.7241975020444626
40.56,-0.4611888291970646,-0.2684473664107047
40.58,-0.45063686808915954,-0.14662868843202814
40.6,-1.6635371339459957,-0.3017148292622003
40.62,0.6773845302708443,-0.7467158890923079
40.64,-0.4252681130968972,-0.6748159154975515
40.660000000000004,-1.459617171687357,-0.7976197666635219
40.68,-1.0931352333878164,-0.8288037131486472
40.7,-0.8934990048134783,-1.5554084567694746
40.72,-0.8812034873372122,-1.2794560452306585
40.74,-1.8942068102250391,-1.3231752220376567
40.76,0.022966735119038833,-2.132350944894343
40.78,1.672130960469506,-1.842544584656414
40.800000000000004,0.37365858343936703,-1.3858560863006284
40.82,-1.117040177660905,-0.3308660899725394
40.84,-0.5555490345730236,-0.395027998824574
40.86,-1.043603636063559,-0.08710581509038995
40.88,0.9000131182073516,-0.9272874084966014
40.9,1.40707344669877,-0.6587651867893217
40.92,0.8242731100318159,0.05506740465249205
40.94,-0.6118100340104065,0.43754462152402424
40.96,-0.46428495557664756,0.6273820452762243
40.980000000000004,1.0881764533021403,0.23703209368622685
41.0,-0.2722538136581355,0.1801045073981068
41.02,0.9053989835956832,0.327173164998918
41.04,-2.054224107863984,0.47411597843642345
41.06,-0.7893564286030973,0.2697324896314678
41.08,0.8549253238682112,-0.39870352663073716
41.1,0.42820851044056635,-0.552746179345867
41.12,0.6430113601938925,-0.1583116360618889
41.14,0.13928484202786004,0.1698202563809001
41.160000000000004,-0.032591260279798716,0.2594810771494685
41.18,-0.20410590660668326,0.18350387564874596
41.2,2.004095935236376,0.3956065743363557
41.22,-2.604197173819406,0.3945596429517359
41.24,1.0485854498690703,0.3589684089693211
41.26,-1.4411132749845676,0.1645076625827307
41.28,-1.2029737890702812,-0.04446571110179026
41.300000000000004,1.1764818925408285,-0.8477543256406119
41.32,0.5264507028752301,-0.5628662303075949
41.34,-0.10606701673840128,-0.14984854610295625
41.36,-0.5118947964045443,0.039244508572328834
41.38,0.48055598958333756,-0.08863702203742527
41.4,0.8426632156862451,-0.12866009742587736
41.42,-0.2937621284714452,-0.040548699285662265
41.44,-0.2653813290076588,0.2699272675060132
41.46,-0.48201178158010977,0.26327543449379376
41.480000000000004,0.9317776462211832,-0.08824090720722504
41.5,-1.3049563283526555,-0.035690099785672905
41.52,-1.3591968368497707,-0.13243686186070336
41.54,0.2605485798044435,-0.5486592887088313
41.56,-0.2058589159689171,-0.6680247250626745
41.58,-1.7198028128255838,-0.8039337004119796
41.6,1.376261543652902,-0.8521136553654437
41.62,0.3680040460025214,-0.9067864333070098
41.64,0.32823781398361124,-0.056200811496946446
41.660000000000004,-0.8930206196495241,0.01748235507465079
41.68,-0.7033689779447512,-0.14679960831883915
41.7,0.3455180193336632,-0.4125772871277299
41.72,0.15342471546317418,-0.34779231655787984
41.74,-0.6913025163387833,-0.3774344027645644
41.76,1.5081489436141786,-0.4179849783495249
41.78,-1.4872733020036983,0.20893233085223106
41.800000000000004,-0.49679713643043344,-0.30087731368341714
41.82,-0.5004587133163112,-0.21209189670808926
41.84,-1.626094496513274,-0.5913247222857573
41.86,0.9974163764704153,-0.7746603450267497
41.88,1.3607246664465549,-1.0133465093595955
41.9,-0.5852887186327734,-0.46349707139026153
41.92,-1.6299786852780274,-0.08832655817904675
41.94,1.2822652617894201,-0.10791941770890107
41.96,0.2984136713359189,-0.13948969377617587
41.980000000000004,1.0594190412956024,-0.16858378442124794
42.0,-0.8654924306293468,0.2682078029706656
42.02,0.2626576217798578,0.12678667221926698
42.04,-1.5774432696269232,0.03366031131967315
42.06,-0.10139757571968633,0.014903692722092604
42.08,-0.324731560731996,-0.5908824114212424
42.1,-0.2600698162228691,-1.038494538684287
42.12,-0.380304032225138,-0.3210267630015131
42.14,-0.8805763060484033,-0.4450192769894875
42.160000000000004,0.39898217938502334,-0.6095920730073509
42.18,1.7064075372700276,-1.0313066135396762
42.2,1.735581935299619,-0.12631776624111463
42.22,-0.8277606921762763,0.23041438365690825
42.24,-1.236596767530262,0.8045944492792616
42.26,1.5105642397571255,0.5066336607220816
42.28,0.6601908185598807,0.1697899432239397
42.300000000000004,0.31272992170572933,0.6865403707243198
42.32,-1.183711233383143,0.8599922152179453
42.34,0.5083807339681286,0.5845732599580649
42.36,-0.048728356973882364,0.2773342680532287
42.38,0.4849048920789997,0.26600250221420746
42.4,-1.2154555792091604,0.21499890837532135
42.42,2.4775402537520415,0.2918099938030269
42.44,1.1643369805489587,0.5494824046937166
42.46,-1.9319091700957325,0.7660505752028182
42.480000000000004,1.1778674125854693,0.7714123948270725
42.5,-1.8018391679595784,0.392681316308203
42.52,-0.6371140699236805,0.11134422021071236
42.54,-0.2232790372081433,-0.5930361058688718
42.56,0.4783840852584537,-0.5212097375021039
42.58,0.7209985069231623,-0.598481691611368
42.6,0.4211072999513602,0.032179803259795414
42.62,0.3011047017116854,0.12326614245769664
42.64,-1.5907940820029254,0.3858272071597694
42.660000000000004,0.3754193723534622,0.007690249026719449
42.68,1.5437377903838905,-0.594950963655555
42.7,-1.1197371571495127,0.5485348307908466
42.72,1.2454100015407281,0.2879024522720431
42.74,-1.4911517770328073,0.1655048433363096
42.76,-1.5390880959772888,0.26096613387443035
42.78,2.4255141662313284,-0.26571329238232616
42.800000000000004,-1.1414608404762008,-0.3649510417503059
42.82,0.5537022807905613,-0.23246778163000054
42.84,-0.9094995797596479,-0.0790591665997128
42.86,-0.3852776932515917,0.013401537375794054
42.88,1.117205842874536,-0.23723528872602492
42.9,0.0638409361812206,-0.25345005987714586
42.92,-2.3562486862952543,0.10126856650198149
42.94,-0.0002560653779144341,-0.1720114303503275
42.96,0.5845372602885005,-0.6177502257325982
42.980000000000004,-1.157085919963257,-0.5487310487416267
43.0,1.0394103972687223,-0.527663679051942
43.02,1.1730890171938726,-0.7265629364271967
43.04,-0.8687497683327635,-0.23867875210335737
43.06,0.4258172353594254,0.02780170595508688
43.08,-1.2250349626503472,0.015534765105592901
43.1,-1.009252279309703,-0.0019284155114193333
43.12,0.8256922405857113,-0.39030166322295273
43.14,-1.087266404322944,-0.5641569642867373
43.160000000000004,1.218417001171531,-0.37414811462788244
43.18,0.6911863935034691,-0.08670826668594445
43.2,0.6156211819184754,0.04737211002144863
43.22,-0.7242110154043834,0.42913404480011413
43.24,1.3099980042623771,0.21824349198274431
43.26,0.5366666232065364,0.3866234177992491
43.28,-0.549656894948233,0.6633445448126709
43.300000000000004,2.1748833841931106,0.6306938272908083
43.32,-0.15164980844816353,0.9047402910825587
43.34,1.1767374757456577,1.1749318199190353
43.36,-0.558027878881243,1.2580377452629077
43.38,0.24311535644591653,1.4363358406195181
43.4,-0.37917649942949044,0.5120905963511269
43.42,-0.3071162081997062,0.7738539753155154
43.44,1.348745988506001,0.36222422354510303
43.46,1.9349688826962272,0.47956239851675964
43.480000000000004,-1.637344413356605,0.7823185955392988
43.5,-1.0087440341235472,0.9760218269757076
43.52,0.7625302859424152,0.3450597104173079
43.54,-0.6022934504618578,0.20908941049712162
43.56,-0.5818282825977281,-0.04725987556788513
43.58,1.1361079802817742,-0.11658462178826234
43.6,-0.332471474783708,-0.39664549111231795
43.62,-1.0358862585283237,0.3289861760602808
43.64,-0.05719908131615917,-0.20967731078024798
43.660000000000004,0.14833048592815837,-0.2904863473866566
43.68,0.36591535230964434,-0.4343066845035958
43.7,0.5085400982636068,-0.20850368211039289
43.72,0.6751546629117198,0.04780264294116558
43.74,-1.2561374879723834,0.5927955764218674
43.76,0.5382953044731587,0.36207803898378954
43.78,0.5378839462322466,0.18529538252172906
43.800000000000004,-0.08087665954381316,-0.049412989018124326
43.82,-1.2834139126912654,0.2978350878959588
43.84,-0.05876347160466027,-0.004948522194699108
43.86,0.7009874074594101,-0.2760344758213091
43.88,-0.8504100904034698,-0.2186876609741263
43.9,-0.2533100034380673,-0.25416590382677634
43.92,0.19519070653106124,-0.34379136197685917
43.94,0.6133601873344934,-0.2560112962399297
43.96,0.3220764870465673,-0.08851862243161726
43.980000000000004,-0.5861903754863294,0.0961647807951187
44.0,-0.4984896846794585,0.09717312365310343
44.02,0.4828569603349828,-0.1443801104279635
44.04,0.20128518787067015,0.02251136795903033
44.06,-2.6265527752068856,-0.16874085725689802
44.08,-0.6395713936339804,-0.2511500803657819
44.1,0.7819723274117332,-0.9770678933552046
44.12,-0.01778711622737194,-0.9023864350808133
44.14,-0.3056713925021734,-0.48378484514127085
44.160000000000004,-0.4256279609525983,-0.6881260221402651
44.18,0.04048634273977232,-0.8004787344906887
44.2,0.5296998463215383,-0.20247743138337626
44.22,-0.12946681321400463,-0.08845794909007076
44.24,-0.9355726263125874,-0.04951158498861041
44.26,0.3606241966323523,-0.24952323810488194
44.28,1.299807152600264,-0.5760132199146129
44.300000000000004,0.42077185690868835,0.1835076004003692
44.32,1.0472447559595381,0.3738114760455104
44.34,-0.2872115126808707,0.7482055571756987
44.36,2.181403641023022,0.8857098739942268
44.38,-0.4199676959862822,1.2790282645817994
44.4,0.1698627608554703,1.0735927371400127
44.42,0.013580835288457008,1.2454641495772154
44.44,-0.6693840929184232,0.7010957773717326
44.46,1.3901669743550185,0.6000732234173539
44.480000000000004,-0.02974424443477856,0.5352851068497128
44.5,0.13728708487552704,0.4865165851316746
44.52,-2.47997938552864,0.4380755090758031
44.54,-0.15705413211056732,-0.1516943453056015
44.56,-0.3144768247213428,-0.7472393869438549
44.58,-0.6150758375408817,-0.6583590826190828
44.6,-0.1711056873288119,-0.8141883467214462
44.62,-0.1832004990767858,-0.763680262694233
44.64,0.2643619995654672,-0.7494896745613905
44.660000000000004,0.7525341745141978,-0.8373633764896964
44.68,-0.2735021347586685,-0.12049237317840092
44.7,2.2033686923873086,-0.29122848014644676
44.72,0.5545007601084766,0.7641087381769885
44.74,-0.6448189408894525,0.9814614406465397
44.76,-2.080126037283482,1.0156837245775585
44.78,0.038616891149307,0.37559959038353696
44.800000000000004,0.11838963169957721,-0.2570471495832242
44.82,2.1236961708029103,-0.35633719487895005
44.84,-0.6345465241815711,-0.06992647138949781
44.86,-0.27871986365064433,0.39159194547448245
44.88,-1.4049008599408745,0.3282979853446661
44.9,0.49449913266801043,-0.004492194177523959
44.92,1.4207783327842252,-0.3599782588725339
44.94,1.441524413703969,0.07029626227489488
44.96,1.134964902824764,0.5146786126125491
44.980000000000004,0.9974549916283219,1.362206192177939
45.0,0.3413201407709237,1.4449238350008262
45.02,-1.2993813953314632,1.7213354863178796
45.04,-0.2737663742379361,0.9914286927469915
45.06,-0.21009275038919606,0.7814792647862143
45.08,0.43758656547815844,0.357183119778988
45.1,-0.3246671111961911,0.1550583682357448
45.12,-0.39728442663427854,0.14004579121957444
45.14,0.6867727389409106,0.03355110516813997
45.160000000000004,0.7775142830736279,-0.1268973630488219
45.18,-0.5338274047957742,0.03645463281802888
45.2,-1.5687022184924886,0.3098852294192039
45.22,-0.058325020148599076,-0.17410234917862688
45.24,0.5202597391278894,-0.3656882215764019
45.26,1.4636064643325366,-0.3388924236489539
45.28,0.530321661204924,-0.09181040056203071
45.300000000000004,-1.05625998837899,0.5205351911699775
45.32,-1.1028258028633535,0.3130263516604006
45.34,0.7796786926959643,0.0921953605081538
45.36,-1.0915849643104831,0.08215685581262633
45.38,0.7701457473452951,-0.5306362473571323
45.4,-0.1092305268289063,-0.10468806621417764
45.42,1.2233976980028247,0.02857812702984877
45.44,0.6754707212285171,0.25859969009500117
45.46,0.693739519589308,0.4796433496533331
45.480000000000004,1.0870894218563631,0.7543420825805142
45.5,-1.1278443593111658,0.8085225305087921
45.52,-0.3103453929116871,1.091796875973575
45.54,0.3577381015622119,0.5558359903473779
45.56,-2.138626740304387,0.1511827726984692
45.58,0.0548843293266262,-0.21155358098438834
45.6,-0.12211861245864707,-0.4890017961186025
45.62,-0.5562091549939255,-0.7831225624720253
45.64,-0.8752655120830038,-0.5354262530928268
45.660000000000004,1.130329519923741,-0.9700177750061129
45.68,0.2819804500735544,-0.6003201315586556
45.7,0.44546592920004535,-0.12016496892785947
45.72,1.215672971466971,-0.30826517087562466
45.74,0.21492435104016708,0.50917468186659
45.76,0.07062185620725282,0.748334119127138
45.78,-0.2823240134352642,0.6717384637557795
45.800000000000004,0.6110988272644415,0.6853459300839919
45.82,-1.6137993240060493,0.3912793447722155
45.84,1.038422998160497,-0.030143626617837593
45.86,0.24164242891059307,0.039439855883601674
45.88,0.4365731644648575,0.046494582205545046
45.9,1.2343501363722738,0.11017652878190623
45.92,-0.26940978986283504,0.7350900357001255
45.94,0.31780174089637026,0.724083318858741
45.96,0.13766028163656155,0.6003498617010019
45.980000000000004,0.7073633924859952,1.0444530062140263
46.0,1.0424926324569697,0.7904709065286617
46.02,-0.6761879620079427,0.7109751668520757
46.04,-1.057771421727565,0.7435333189183164
46.06,0.4239068655799092,0.35645828939083957
46.08,-0.11499225642763312,-0.15458603100190157
46.1,1.1444326337897401,0.00775973582152532
46.12,2.196398348199398,-0.09812091577401577
46.14,0.5989225683579086,0.6450779576528671
46.160000000000004,1.0973082201239635,1.5238759684809708
46.18,1.4076082550038764,1.6171815487648422
46.2,1.1796912503662111,1.684387703093142
46.22,0.09301730882776456,2.05711154519452
46.24,0.8024531060866222,1.8924916931080014
46.26,-0.7613945618633788,1.8848149323172088
46.28,0.7372947173447574,1.5797707909352123
46.300000000000004,1.3695497387340467,1.0407658930338453
46.32,-1.4223652965570093,1.047777265075604
46.34,-0.07387502556535866,0.805153847689148
46.36,-1.3362221678078254,0.2162890828821593
46.38,-0.37363317037638955,-0.2294138527028732
46.4,0.3192209181675502,-0.5252346531733035
46.42,-1.2917872498411596,-0.5353943594184397
46.44,-0.30222185647873545,-0.8319729701868919
46.46,-0.19134481011762136,-0.8095568859352391
46.480000000000004,0.34767073430139056,-0.5864930766398343
46.5,0.47471064453329676,-0.28959522706948143
46.52,-0.1719595188570374,-0.4950037745546998
46.54,-1.0712220162181898,-0.5588924545263729
46.56,1.729201406052852,-0.0809105519631037
46.58,1.036627690915189,-0.0969365520219707
46.6,1.0113141587136616,0.4563313071346134
46.62,0.16487039824610863,0.7069347019270196
46.64,-0.19002290900468957,1.1684421627313537
46.660000000000004,0.6136059733489524,0.8086776032451857
46.68,-0.1863371573231328,1.0758605224998443
46.7,0.6020319270975891,0.6027264978525679
46.72,-0.4488466544153655,0.6047721466246498
46.74,-1.7605048943512174,0.4717204475413552
46.76,1.2942147321677562,-0.12456231985066327
46.78,1.6706135639742146,-0.15622038094663085
46.800000000000004,0.6344940063641857,0.28869726172592036
46.82,0.5064074546745513,0.7454195531482437
46.84,-0.39145977104505175,0.9690678037108884
46.86,2.351627936827354,0.8124532099193897
46.88,0.7509751520520445,1.1408486585260167
46.9,-0.9087049112778399,1.3074012213280894
46.92,-0.23304035251980096,1.2766547518785862
46.94,0.7119583555751939,1.004971746046097
46.96,-1.292884262664613,0.8701935292935749
46.980000000000004,-2.165981241063093,0.28628929246643303
47.0,0.7935224122332231,-0.23850385617028788
47.02,-0.35611540515749995,-0.7496537550141451
47.04,-1.2530843504494784,-0.5313178644903243
47.06,-1.0860444016918707,-1.1392847114508122
47.08,-1.1451392205416446,-1.3613320159452835
47.1,-0.14275047820766046,-1.4405851605165498
47.12,0.08941363978765102,-1.3954816446012221
47.14,1.0452460677461364,-1.3100863024008864
47.160000000000004,0.2242262630752584,-0.5492578533630184
47.18,-0.9568799829717846,-0.47468836078370846
47.2,0.49140296929506466,-0.05251919906799876
47.22,1.9845992931393628,-0.16582709355034203
47.24,0.08155895256777165,0.20155268379820557
47.26,-0.6661918569306902,0.8816829900073782
47.28,-1.1464954931893385,0.43881996338179297
47.300000000000004,0.9391481445439583,0.20239826318946846
47.32,-1.6263999507751752,0.22752584228490752
47.34,0.7867534243580538,-0.4717072635724048
47.36,0.8593662683823802,-0.41523636546434967
47.38,0.16404784494499652,-0.05881172432485855
47.4,0.2703839005305535,0.01999072454635767
47.42,-1.2878449994010535,0.3570900011035641
47.44,-0.8515917919429735,0.046423834083289886
47.46,-0.3457678955480819,-0.12722727438165074
47.480000000000004,-1.5657216633819735,-0.5338029047168156
47.5,-1.166975280277807,-0.943806793471676
47.52,-0.7102982864070899,-1.289324476265939
47.54,-0.26392888668395825,-1.4823097856273568
47.56,-0.8682686011638662,-1.6321106357802693
47.58,-0.31330373457792965,-1.8120680835133909
47.6,0.6723739200703645,-1.2673974165113735
47.62,0.5852750980098171,-1.0606895916091554
47.64,-2.128583934730537,-0.43314552908536974
47.660000000000004,-1.0473992019149174,-0.7671913786414543
47.68,-1.6782465110876439,-0.9702137058590605
47.7,0.07912535052513786,-1.439808676766343
47.72,-0.8497431912349895,-1.6827368317287983
47.74,-0.20873939970137878,-1.7551750546955933
47.76,0.8366714909265193,-1.5106081242404168
47.78,1.1796689686592332,-1.0456773519779035
47.800000000000004,-0.2958941928688934,-0.4061072489553165
47.82,-0.8092685706167752,0.11677205467563574
47.84,0.6661148685402551,0.10163191520256067
47.86,1.064222068652892,-0.08934774471504563
47.88,0.9851986210656767,0.20158130411838615
47.9,0.29753494260626556,0.6493282338970794
47.92,0.44411273013531705,0.8527299486269825
47.94,1.7288849838149296,0.7867705593695661
47.96,0.018982553303508426,1.1690861138608455
47.980000000000004,-0.262210792661534,1.2619005318841143
48.0,-0.07765732011997689,1.2402364278335891
48.02,-1.029339980699859,0.910769859571453
48.04,-0.7118569355809642,0.15947628563068628
48.06,0.7949404121968067,-0.055117733039215785
48.08,1.9269552358454163,-0.2080747820048794
48.1,-0.08641403223340546,0.33695322103168396
48.120000000000005,-1.031180136176111,0.5478075659232692
48.14,1.1210151808147286,0.564483003598782
48.160000000000004,-0.23731009244653678,0.3941010886333512
48.18,0.09222231808225752,0.09573159902996559
48.2,-2.8739647570876756,0.25016372001013554
48.22,0.18046035888851117,-0.4503691619172268
48.24,0.7244350649703689,-0.9872574968614034
48.26,1.2097706067612588,-0.6805444775038432
48.28,-0.2448841731971484,-0.35774332297529554
48.300000000000004,1.019794346358176,0.034340041967657844
48.32,2.1058177760714742,0.5442287531951052
48.34,0.1808863635658024,0.9298852514637281
48.36,0.4751971291786147,1.3085445988867506
48.38,0.11155839019719294,1.2944941985124898
48.4,0.2767099039648644,1.2769021406920549
48.42,-1.3262333320650102,1.0685742028585656
48.44,-0.7224703811850117,0.6026918276266424
48.46,0.2699790988028454,0.10313581620321802
48.480000000000004,-0.37371949754329076,-0.17495123358202552
48.5,0.7604982961225114,-0.28470045749672374
48.52,0.563475564619411,-0.059821012278770264
48.54,0.5221167434682065,0.17247000479342328
48.56,0.7303128625136144,0.5379798123821273
48.58,0.22611992280135534,0.4614269117043055
48.6,-2.564636103768002,0.5367942158775998
48.620000000000005,-1.1733364888116127,0.21494937950348025
48.64,-0.7330066268784614,-0.6952786975573397
48.660000000000004,-0.17764371880189825,-1.044771686559636
48.68,-0.469650806199713,-1.2966345457217778
48.7,-1.1236771900556553,-1.3944223649487437
48.72,0.1348442320141022,-1.232043586863558
48.74,-1.4263699357182378,-1.1140875519541122
48.76,-2.0733948245510927,-1.3650861017465523
48.78,0.20242986553526965,-1.630425926474862
48.800000000000004,0.21423575710629503,-1.8004617528431692
48.82,-0.9595880912130553,-1.326786529393585
48.84,-1.8594334254885476,-0.9643600496626379
48.86,0.013163663642966283,-1.2899126409384614
48.88,-0.3646580403354626,-1.552517448047297
48.9,-0.2528530691169872,-1.4422168182084905
48.92,-0.5767591855414967,-1.1476397733980335
48.94,-0.5800161732718249,-0.9760876665996572
48.96,-0.512956703647817,-1.185506469520621
48.980000000000004,-1.1595422268230897,-1.108829861865269
49.0,-0.8176960055596354,-1.0993081043387762
49.02,0.13410371330979673,-1.3252462589109009
49.04,1.7556046887634398,-1.2515326665955524
49.06,1.9560461600569894,-0.6098202183375144
49.08,0.7660892665978182,0.17531160348045993
49.1,1.193814251202457,0.9503051915001381
49.120000000000005,-0.524875069947438,1.1128618311776703
49.14,-0.4320189414894101,1.3337795554616565
49.160000000000004,0.48262609226759645,0.9781732720090016
49.18,0.9503202472105388,1.1774642225031973
49.2,-0.8334380028415582,0.7371518380123512
49.22,1.2264556938039208,0.6066253077947272
49.24,-0.3997316029882534,0.556425326506188
49.26,-0.8736049100010086,0.5640928687501892
49.28,-1.5597116862476261,0.1535821159528099
49.300000000000004,-0.4993869437822685,-0.4958611874025557
49.32,0.10950930383596737,-0.7182898928909569
49.34,-0.8811909229043654,-0.5843763159073855
49.36,2.577641653425698,-1.2129803985899785
49.38,1.4857825027269955,-0.07522900047984016
49.4,0.9888669067425112,0.3651305432614874
49.42,1.9598819497388253,1.2143926498726216
49.44,-1.5190473417294725,1.6876750150416844
49.46,0.14609478459645742,1.4849611109285523
49.480000000000004,-1.05010997805574,1.037427001939331
49.5,-0.1811192315223461,0.6850438831512877
49.52,0.032645025399140756,0.2611692675450048
49.54,-0.7994841202740786,-0.2277211605968698
49.56,-0.28223373701333476,-0.19776689797608415
49.58,1.1232243572935257,-0.5655847140280482
49.6,-0.526295120882595,-0.17179622941254252
49.620000000000005,-0.6414161528010415,-0.08281192720219291
49.64,2.0806936938081146,-0.21457086316298118
49.660000000000004,-0.3897561202771651,-0.007416700435268486
49.68,-0.5022562757483947,0.2449034622106557
49.7,1.1692952783362354,0.3082079416948542
49.72,-0.12200281551667916,0.355119553578778
49.74,-0.20154513498236204,0.32780268541709423
49.76,-0.23197750230551803,0.36633824953361727
49.78,-0.48031943766605667,0.2398137390972354
49.800000000000004,-0.43489530902988993,-0.009499392591469535
49.82,-0.49460958866850224,-0.19934185777644456
49.84,-0.3784630242133348,-0.15230127870453541
49.86,-0.8401454825195762,-0.5964069023947522
49.88,1.2191689355778896,-0.8156860211796451
49.9,-0.9667191604050741,-0.3433218865205684
49.92,-0.8106632838024251,-0.43495938894394165
49.94,-0.00784870422099922,-0.46858567486868385
49.96,-1.5236791619459835,-0.48391412305431813
49.980000000000004,1.2996048220482221,-0.8154130481716448
50.0,-1.4185094502214612,-0.7758150194038853
50.02,0.5662899532165871,-0.7748940473534583
50.04,1.2942691261012378,-0.35550108705808325
50.06,-0.2672981835561391,-0.06694896629311965
50.08,-1.918372969932005,-0.008419509079335544
50.1,-0.8322209205243914,-0.059353618685012766
50.120000000000005,0.9647981994401809,-0.7779826734593792
50.14,0.8444488467907229,-0.5251893423847779
50.160000000000004,0.8491224457242771,-0.219262137223075
50.18,1.3711480077933993,-0.010228824889007976
50.2,-0.1866110350798072,0.9572598517522797
50.22,-1.3572231312047507,0.7271317244767984
50.24,0.4494606898323225,0.36345412228818696
50.26,-0.28082077631290076,0.24869810776711593
50.28,1.0857035484902737,0.19470685194918796
50.300000000000004,-0.20344899891190701,0.4476618513538946
50.32,-1.3396897026289352,0.33171875123227057
50.34,-0.0869771239840376,-0.08352351001003801
50.36,0.287670340102503,-0.22791135385497502
50.38,-0.24597727263197053,-0.28499238975123614
50.4,0.1845115106211952,-0.5102831023166681
50.42,2.0457391513339513,0.021107293160509383
50.44,-1.0241274407359289,0.40052590616133166
50.46,0.3277834916082937,0.5316683772108063
50.480000000000004,-0.9238497727204121,0.4528745043157794
50.5,0.45658103826931895,0.35304806971971037
50.52,0.6648322497505564,0.08030643508686774
50.54,1.1844535822971762,0.2981979125623466
50.56,0.7176942473272825,0.8056179084208293
50.58,0.9030255228128025,0.8628904211427539
50.6,-0.7763061557959915,1.1579694186747265
50.620000000000005,0.20766596495575818,0.9808579829617718
50.64,0.02828064268545763,0.6825875738815393
50.660000000000004,0.059926052076295484,0.8257127983055238
50.68,0.7916606193705642,0.594998260041374
50.7,0.7513726347453407,0.42631469347942447
50.72,0.9733411654971533,0.3569211522947938
50.74,-0.017693780016884205,1.0201687095358725
50.76,-1.5410886344824208,0.6362836956533022
50.78,-0.9029047656431586,0.44418010331862273
50.800000000000004,-0.699605472996791,-0.08222855545657287
50.82,0.6155524681375684,-0.5878472790616527
50.84,0.13949186764746507,-0.3285275172725259
50.86,-1.0435368452554603,-0.5509612231559122
50.88,-0.31744186515543427,-0.5806534699017537
50.9,0.6839710458944633,-0.4935952312818396
50.92,1.3588090471908931,-0.4591497722544121
50.94,1.183637517682539,0.0781806203428491
50.96,-1.2135934822954288,0.5951866544433964
50.980000000000004,-0.16367148253116334,0.9910353537225851
51.0,0.8347434229374026,0.2936483769457581
51.02,-0.9892297504964418,0.7341374019291063
51.04,-1.3639142428702666,-0.12189529069566155
51.06,0.896997981433335,-0.37516879089448785
51.08,-0.2569304676869858,-0.49821317092881806
51.1,-0.1642611943859426,-0.14288249601767453
51.120000000000005,-0.5077835902658288,-0.336081469472248
51.14,1.2912832642833243,-0.22713731020836012
51.160000000000004,0.07710537913290598,-0.2445194245776975
51.18,-1.7550958352086985,0.2671000456818707
51.2,-2.0572876017224546,-0.11095435715406916
51.22,1.5911295216838977,-0.9838400053854448
51.24,-0.6094886845664196,-0.7102764975531615
51.26,-0.8933337271622828,-0.8678638699668302
51.28,1.2753064983786824,-1.0333418771624168
51.300000000000004,1.2216480295342065,-0.5864350112174491
51.32,0.10309274454838244,-0.08205477867998251
51.34,1.9002847017639923,0.8163710367913901
51.36,-1.4529881268987008,0.7693594849008526
51.38,-0.42869932038913533,0.7555045041953979
51.4,-0.7521226037017869,0.44026160779501994
51.42,-2.0320356352972273,-0.16391168914252907
51.44,0.4473265541657039,-0.7243023524176504
51.46,0.5569957500522461,-0.7929424800835434
51.480000000000004,0.8028288007582792,-0.3912979525139373
51.5,0.22428358519790484,-0.4323337722961057
51.52,-1.8587715368494993,0.08934300909349988
51.54,-1.398533996883477,-0.29637823594177887
51.56,-0.07621628024917526,-0.8174895160992197
51.58,-0.25217451576770217,-0.9489669763238573
51.6,1.26386952702,-0.9494345454212286
51.620000000000005,0.815832804076578,-0.584020856564134
51.64,0.4396348762378465,-0.2295753422445438
51.660000000000004,0.22675414374887784,0.28550387879555816
51.68,0.17809949494616867,0.997679577599198
51.7,1.1828340783204352,0.5746890748030947
51.72,0.12056378482815763,0.5620291533595347
51.74,0.35195055870668746,0.792738597476928
51.76,0.9628348135595488,0.9167120774737345
51.78,-0.5146667615079522,0.8727478658064146
51.800000000000004,-0.29820396463489957,0.8215436456430055
51.82,1.0220808321949104,0.4562461240902733
51.84,-0.01212794939361875,0.6666850704226404
51.86,-0.6212675970403257,0.5752578689008753
51.88,-0.9841844218436607,0.33170145601995155
51.9,0.24758725638647064,-0.16778549004715598
51.92,0.5386027080156026,-0.2430646791613786
51.94,-0.8288281526847906,0.026852607432188952
51.96,-0.22254172823015572,-0.008189153914992892
51.980000000000004,0.3474664441683539,-0.45334196930957515
52.0,2.120370781909522,-0.3297630921691827
52.02,-1.2743889638748993,0.1522914241024291
52.04,0.7610328406139079,0.10901523086497078
52.06,-1.2563471222344953,0.22767769777071203
52.08,-0.2054688935688562,0.27786424545177607
52.1,0.27259752688659394,-0.05812103417096924
52.120000000000005,0.46281430012047253,-0.19309506121158304
52.14,-0.30421820007832556,-0.003267236789580276
52.160000000000004,0.9722873392601432,0.06614339250015644
52.18,0.41891667819777195,0.30866302358396025
52.2,1.2335908482297016,0.6624824574773442
52.22,-0.051535177397327055,0.5933206241336453
52.24,-0.11039283248984416,0.8427014076395924
52.26,-0.5933572551176642,0.6222251399001859
52.28,-0.9547425568533001,0.38493840609918273
52.300000000000004,-0.195627273508195,-0.11959835977649638
52.32,-0.160284531637408,-0.24966140584904775
52.34,0.3989586559726151,-0.3445550886195414
52.36,0.5551468157640179,-0.5167254102228565
52.38,-0.008527026385695214,-0.07308894518034247
52.4,-0.343126765076136,0.07039124866799674
52.42,1.9994817049395284,-0.07432745477542951
52.44,0.10539781604993823,0.46735580023928336
52.46,0.24962459170909163,0.79055259014098
52.480000000000004,1.1751531680508964,0.7636750562180759
52.5,1.0622880524627762,0.8074433068226976
52.52,0.439777281254135,1.3323759623103224
52.54,0.09898381561726254,1.5294661836021923
52.56,0.8759007953567689,1.3935269583187049
52.58,-0.29889657187275614,0.9348039741381919
52.6,-1.1544560106609385,1.0085957869736935
52.620000000000005,-0.6541174340257813,0.4389930933641878
52.64,-1.535509457215968,-0.03614611951383537
52.660000000000004,-0.9364194406586862,-0.48636771011291374
52.68,-0.936359596897735,-1.0811959354966028
52.7,0.9254029992214118,-1.4767195965657058
52.72,-0.584743670250827,-1.2069149169272522
52.74,0.06525660737953512,-1.026501700476595
52.76,-0.26259770606070215,-0.9313104666477059
52.78,-0.2200196693655507,-0.45516035979684255
52.800000000000004,1.0665279199534372,-0.8410634187400932
52.82,-1.1471949113832633,-0.3376573234205963
52.84,-0.04944904629518383,0.06304119271601652
52.86,-0.32452760614165677,-0.2340291155901694
52.88,-1.2015131331060331,-0.41449695578340207
52.9,0.9581694893217765,-0.46660436693268365
52.92,0.6309030732117544,-0.6994712984298184
52.94,1.0254578571959052,-0.30602892125581266
52.96,0.23812046534459302,0.35788792751524356
52.980000000000004,0.8874643551324494,0.3452694281415871
53.0,1.8255228908280732,0.5603187588168779
53.02,1.4871229410071956,1.119706238870365
53.04,-0.4082197033348496,1.6350950558569493
53.06,-1.4688987553070538,1.481772725841095
53.08,-1.1142132664098585,0.9923617512854319
53.1,-2.0100507360230604,0.3116754208367046
53.120000000000005,0.3632008639171026,-0.8268221368057596
53.14,0.29133556839828423,-0.8967879412856633
53.160000000000004,-2.5778040800877973,-0.9127029599648312
53.18,0.6950285958552929,-1.1074241432302643
53.2,0.007350265972283365,-1.4126215261057822
53.22,0.11311434509039406,-1.056865751435039
53.24,0.8370826848978932,-0.7513705088012127
53.26,1.5324321193784705,-0.19977631542422586
53.28,-0.03827170856401131,0.37888438372011674
53.300000000000004,1.058930864176453,0.5298254919273634
53.32,-1.4070169677004405,0.8359862076004467
53.34,0.14738331417371706,0.6034526579357746
53.36,-0.7784038563030685,0.40522553023816055
53.38,-0.8557299732763088,0.11034899232978142
53.4,0.6516249064532373,-0.4293276682234204
53.42,0.3473539373810925,-0.24741460239523086
53.44,0.7107513252733043,-0.2652135131358416
53.46,-0.21320569302809275,0.20251621768721695
53.480000000000004,-0.6431517890869846,0.15223264306303794
53.5,-0.6964807610594644,0.12124376798114922
53.52,-0.38114294576502955,-0.2902936622337655
53.54,1.8399002601576346,-0.20915703438127686
53.56,0.04034826676717822,0.06019526316024357
53.58,-0.3371337010696298,0.25277569054335314
53.6,-0.4399131963280427,0.2044930571447615
53.620000000000005,-1.0823209029725036,0.14351829356364112
53.64,-0.6836503996806044,-0.03247207051559828
53.660000000000004,-1.6143339443950275,-0.5367279328517998
53.68,0.13392176268724848,-0.8421905342919043
53.7,-0.23219923284527352,-1.2319915709975204
53.72,1.672876827720955,-1.1037107263497126
53.74,-0.3267464740745556,-0.5398071710449841
53.76,1.1706838438762879,-0.24355560488885936
53.78,-1.6808976926261194,-0.08057277484350231
53.800000000000004,0.2699048693649579,-0.10516534807788566
53.82,0.46345728857173346,-0.12478305269722267
53.84,0.7422874731668577,-0.10628799570391848
53.86,-0.3632712726241751,0.46236843999167365
53.88,-0.6925927131813094,-0.059998559045637445
53.9,-0.9541994833867978,-0.004773769642420392
53.92,-0.36520757882298915,-0.12189203201853369
53.94,-1.0211341264586336,-0.4690484766606766
53.96,-0.06289935902051239,-0.8431661414241565
53.980000000000004,2.0030731339082783,-1.0351106882258942
54.0,1.1416097080673622,-0.4179438591623966
54.02,-0.58977260795526,0.32827313900049937
54.04,0.1727231833864739,0.45906515745060583
54.06,-0.8575870931659418,0.37983868423749884
54.08,0.1384854816427963,0.24574687836107922
54.1,-0.5724567226100333,-0.06437015655807009
54.120000000000005,-0.3399361060072136,-0.3182272031794817
54.14,-0.036631756651292625,-0.031166924601567503
54.160000000000004,-1.76375097897403,-0.2399154078557842
54.18,-1.022761970643397,-0.7005357727806534
54.2,-1.13721991703966,-1.070095775395929
54.22,-1.414509784362532,-1.1077078956903423
54.24,0.8423104131739295,-1.3079539262509048
54.26,-1.7755980240732365,-1.4778263216275889
54.28,-1.6214010793485105,-1.4962485428680445
54.300000000000004,1.0760887813995819,-1.789198713232496
54.32,1.7922490624196854,-1.2685918456282301
54.34,0.7510119730492315,-0.7007176748914735
54.36,1.268263893403343,0.08321084540229833
54.38,0.3354736155987868,0.5455451092187547
54.4,0.8214207463005642,1.0083564332439818
54.42,0.8026749570913995,0.978873620611436
54.44,-0.06615795884327381,1.2753294254857932
54.46,1.0817771457809395,0.9163867135306865
54.480000000000004,1.4848459011366082,1.042417406650895
54.5,0.386856183354758,1.4821891382243266
54.52,2.883162331137042,1.22229288013887
54.54,1.2387481101849787,1.886573092803573
54.56,2.527604510342193,2.346610751865489
54.58,0.34050396750523254,2.6000591787026357
54.6,1.0066760784123978,3.0120759762546494
54.620000000000005,-1.7466955909195332,2.652697498683383
54.64,-1.3170221224094811,2.2310897788105604
54.660000000000004,-0.8970712111386694,1.2201095014218366
54.68,0.1286213680853158,0.3238567168094212
54.7,-0.03231613965507115,-0.48359951285726577
54.72,1.1340675959451962,-0.40312702631624053
54.74,-1.4801153907443199,0.026258882159044095
54.76,0.9485331619639739,0.0027395726180912405
54.78,-0.43232511948041497,-0.136661685497194
54.800000000000004,-0.3385343704003341,-0.03520744074312844
54.82,0.7400016533425497,-0.25045795973398904
54.84,-0.09208587870398717,0.24992858060558
54.86,0.20498164825290713,-0.010839751271836354
54.88,0.4709068035607375,0.39222723510277535
54.9,-0.3599501244859598,0.2697956367876902
54.92,0.10102106952251785,0.4492536740652783
54.94,0.13527997545578946,0.0067151460538206476
54.96,-2.2747734839008147,0.24498331659673725
54.980000000000004,-0.16199198610855323,-0.5031971761219028
55.0,-0.009903229678086095,-0.6631877940876258
55.02,-0.7533280727783835,-0.714678287636586
55.04,0.8942030959829037,-0.8389630303979021
55.06,0.06403382904746172,-0.5540970310914846
55.08,1.9649990064276535,-0.4242379000629878
55.1,1.5072170540859493,0.1488511044100537
55.120000000000005,-0.6789785575505768,0.9746020006497856
55.14,1.0022745136782096,1.0599903939250428
55.160000000000004,-0.37253474560432154,1.0472194638969579
55.18,-0.3059714876343123,0.968756546054429
55.2,0.8539466968175948,0.9649471417209442
55.22,0.34979290555835507,0.2552133930156137
55.24,0.49260062842334196,0.5943745289640228
55.26,-0.04614695667791233,0.7019239140483631
55.28,1.7290800626542495,0.5028325167991676
55.300000000000004,0.3428290585491926,0.9258781647320337
55.32,-0.7781723873638828,1.1043251836666326
55.34,-0.36330902120258424,0.9773005944478951
55.36,0.2310782710005077,0.4699079831247385
55.38,-0.7378002174308987,0.3426734809607641
55.4,-1.3232478658010869,-0.25496621241775697
55.42,-0.8985015270975635,-0.6107509956130865
55.44,0.08245525746250033,-0.5817812876351749
55.46,0.03300994322216689,-1.1476481911447562
55.480000000000004,1.1554129766800996,-0.6388693115733709
55.5,-1.8650312669593136,-0.4523961644339288
55.52,2.044603482436588,-0.25598582194342
55.54,1.0200506640776368,0.17312364755639237
55.56,-0.4982647360232612,0.27922079601706495
55.58,1.0075894781331645,0.6664623285678635
55.6,-0.8991429933841889,0.7232623806601662
55.620000000000005,-0.009397774031929939,0.6179450863473447
55.64,-0.3245858360047537,0.2699855818597218
55.660000000000004,-1.054036066068002,0.13011702589654744
55.68,-0.25577160322582015,-0.5605916705070861
55.7,1.8792735186063476,-0.5743259291947032
55.72,1.411593163726679,-0.28975417593466457
55.74,-0.9070204066319101,0.5419034772489524
55.76,-0.1285744734521269,0.5189101996952036
55.78,0.7790024593826734,0.49092214640959925
55.800000000000004,1.7643147920430435,0.3796091760559961
55.82,0.2843334602240182,0.570050040749458
55.84,0.26816187858643903,0.9018633522888233
55.86,0.34451028654186633,1.0517046217141575
55.88,0.293910844776837,1.1487380826850557
55.9,-0.6074437037618423,1.0937316165841668
55.92,-1.2072501248625322,0.6322485312964632
55.94,1.0471068151044471,0.1536104949941152
55.96,1.5597711277527688,-0.19075850164871602
55.980000000000004,-1.3291976647945287,0.5630943565940904
56.0,-1.1660917216850437,0.3715818115323755
56.02,0.6150139853140233,-0.2311290806803293
56.04,-0.6654128023614551,-0.20943913367869718
56.06,0.028399287765822418,-0.11472882699283377
56.08,-1.5621114710313355,-0.4655062498120545
56.1,0.14386212597052261,-0.6115608067731506
56.120000000000005,-1.6538428223017831,-0.8524480553991847
56.14,0.011162340756552199,-1.2053456663934192
56.160000000000004,0.4147437025991611,-1.2063381735490275
56.18,1.8103104939265298,-0.7971792889612019
56.2,0.0416247789025795,-0.3409133627354017
56.22,-0.28612671106412785,0.07459957348868318
56.24,-0.2533109616766045,0.29137666046970395
56.26,-0.5079125528186221,0.1277830575949087
56.28,-1.6913309882538978,-0.22403841848930114
56.300000000000004,-0.8594274891554303,-0.4602159585941702
56.32,1.5447762825439735,-0.8304531936316795
56.34,-0.5294713784213758,-0.764208338945129
56.36,-1.0668487722997333,-0.007173419464907849
56.38,-1.446407442997067,-0.5902233496394222
56.4,1.194786203295737,-0.7094837171253623
56.42,0.16289536739223046,-0.6619040950786964
56.44,-0.9418503052557627,-0.36721761116484375
56.46,-0.2634727963423499,-0.19932414213858013
56.480000000000004,-0.5160005509608503,-0.5779826943973033
56.5,0.6555393093705031,-0.5713003414709358
56.52,1.429596403130827,-0.4743853556905505
56.54,0.4633613119574731,-0.3019458534758616
56.56,0.6087483328220787,0.33832518467544315
56.58,1.1874789423863683,1.0347845494839316
56.6,-0.6438461844833254,0.9843323185539854
56.620000000000005,-1.003790179354963,1.014575101753443
56.64,-0.11992322147582478,0.28965459288236234
56.660000000000004,0.33215656383583486,-0.0949004119751154
56.68,0.1968726218634656,0.14238306558522867
56.7,-0.39968940289563,0.26945191456104045
56.72,-1.0214664886671283,-0.10169485613665524
56.74,1.828593218343384,-0.445039870691437
56.76,-0.33383996545105715,-0.21821191707552876
56.78,-0.6155890472506519,0.33397517663861087
56.800000000000004,1.6989092039073523,-0.027036524255180674
56.82,-0.03333579006199863,0.2576930412529166
56.84,1.6682547579384968,0.5563541011622377
56.86,-1.2016167548326033,0.8203156398533937
56.88,-0.6287185391861244,0.8107711977423439
56.9,0.19140674686519152,0.3973272717928194
56.92,1.0898859123288984,-0.17579550173064512
56.94,0.08745047240219497,0.10955972324846766
56.96,0.8553716719128192,0.44326693529882394
56.980000000000004,-0.082155817734021,0.5320296651369139
57.0,-1.1274890119180772,0.5500109820005478
57.02,-0.8193558328031119,0.34615885376285066
57.04,0.18260300333229873,-0.032166529261796376
57.06,-0.6714786679426392,-0.1262035426964638
57.08,-0.30529559748486884,-0.28679060919698773
57.1,-1.055931137520008,-0.8091090101882804
57.120000000000005,0.06349749715795505,-0.7539941509478649
57.14,0.9079582340225714,-0.9428814621357152
57.160000000000004,-0.6645329561214286,-0.5723908217330979
57.18,0.42436186914561536,-0.3663020808246484
57.2,-0.06423366776049512,-0.689441238928446
57.22,-0.17442519130588371,0.005872629446859734
57.24,-0.7973950732574808,-0.06260742180145921
57.26,1.8004763158461328,-0.218600926301388
57.28,-0.7372983134736381,-0.07309533142859453
57.300000000000004,-0.16306254202259007,0.27076447079007177
57.32,0.07059372553304329,-0.030827369731791995
57.34,-1.407386630476126,0.053805358443513744
57.36,-0.3447014604782643,-0.5105991738153659
57.38,1.4901708197439878,-0.72452383609323
57.4,1.1510506225386312,-0.110735852878769
57.42,1.819668154215124,0.3187281754146061
57.44,0.24372458987521498,0.6849813610922484
57.46,1.2863133378078953,1.4196047781759806
57.480000000000004,1.6710708188422791,1.2986433529531527
57.5,0.955638164110607,1.8723720287071803
57.52,-0.8531523819718665,2.1700424712016235
57.54,1.0127369404276847,1.9136075179063747
57.56,1.8861493143534702,1.3744752139736596
57.58,0.482773243780482,1.8098431213132724
57.6,-0.08091558423769407,1.800545870661894
57.620000000000005,-2.0480836614740627,1.6283718167724692
57.64,-0.12057791289970751,0.8412465144482307
57.660000000000004,-1.6763832999360155,0.12469014651067191
57.68,0.7595101282650527,-0.10852909671895516
57.7,1.1432309761921262,-0.6253697077670283
57.72,-0.3395410030106018,-0.6757008857818336
57.74,2.041278732511936,-0.23059184808203645
57.76,1.1905212215526633,0.43714720206364627
57.78,0.16542419130627029,0.9380491206107684
57.800000000000004,-0.4167607398697497,1.077489932889649
57.82,0.44817128846797466,1.4019438262265864
57.84,-0.6569520901532822,0.8127596171872868
57.86,0.7135036848257106,0.6829026103275697
57.88,3.0964642110121323,0.40901314382489584
57.9,-1.144395259914002,1.0159931773246293
57.92,-0.7820441638022768,1.3670046128865638
57.94,-0.4381223223308631,0.8410948191097171
57.96,0.2790537623813883,0.4538169624457566
57.980000000000004,-0.9248548847877638,0.2781245148800634
58.0,-1.5155889725067857,-0.05286393730574128
58.02,2.1076912715872798,-0.523871315366683
58.04,-0.6513401194860681,-0.3961111931903865
58.06,1.4485800738692514,-0.18905678346919194
58.08,0.215749940799924,0.03106847883652758
58.1,1.0456944658685943,0.3923700539998337
58.120000000000005,-0.4424081085399874,0.6977446695885884
58.14,-0.7484296129649376,0.547265275243003
58.160000000000004,-1.0861062432841853,0.2941438233752769
58.18,-0.7579727403176213,0.12081986616506546
58.2,0.42400397301905346,-0.21151158425496014
58.22,-0.5339521755306641,-0.7713290480235251
58.24,-0.29307032445408226,-0.5869612265843525
58.26,-0.43180246540875195,-0.5184285065658053
58.28,0.8281502809087469,-0.4971376772306309
58.300000000000004,-0.2128822036183142,-0.22663878527203626
58.32,0.16912975721634677,-0.3316748484258266
58.34,-1.1930566525149982,-0.07277626500093197
58.36,0.885712281101143,-0.1352201213777529
58.38,-0.9904944541793312,-0.1378780136501988
58.4,1.4161392822183194,-0.20122154570771567
58.42,-1.25799301190537,-0.12978619564381821
58.44,-0.056414803630663805,-0.1368149841320856
58.46,1.2617813102713238,-0.3059053442022479
58.480000000000004,-0.7570468593653471,-0.10320847141203589
58.5,1.5552574014723124,0.14453677333007947
58.52,-0.2501180222556651,0.6043303254267582
58.54,0.5259120126443638,0.6070907180168782
58.56,-0.4267262940179686,0.6910741379357669
58.58,-0.8485008198481688,0.4272731494138407
58.6,-0.08032829687334439,0.0831504334742613
58.620000000000005,0.7272572428470521,-0.14422262054432644
58.64,-1.69432032780084,-0.10410825497829834
58.660000000000004,0.22968467781580917,-0.3815228379513281
58.68,0.4217864035483069,-0.3164135424190561
58.7,-1.933976578858541,-0.22331218090445587
58.72,-0.054095116374706126,-0.6556562719268447
58.74,0.5905586981043391,-0.7713237574863315
58.76,-0.201414605135633,-0.40729613419174937
58.78,0.2954013281735852,-0.4768295071170595
58.800000000000004,0.8700362376294107,-0.20047693036222242
58.82,1.4374786201773078,0.06244051199303102
58.84,-0.4353495689270294,0.4702433989417433
58.86,0.471096203388987,0.6517478884374759
58.88,1.3368243660623762,0.8058744465205222
58.9,0.6124334949160863,1.0531801601190103
58.92,-0.9286800093329615,1.2767263000625084
58.94,0.2318650973050017,1.0127594319608468
58.96,-0.7111029756222346,0.7179295822808761
58.980000000000004,-0.6707827448701471,0.23902629500034828
59.0,0.7283879927860895,-0.007154148402594526
59.02,-1.4702187064453747,-0.016537778241949422
59.04,-0.10537285301739253,-0.5989742851260316
59.06,-0.611353950647617,-0.38245856678761636
59.08,-0.5801554478358213,-0.6080319580377224
59.1,1.2556925531741914,-0.9439086544686937
59.120000000000005,-0.0029282472226693614,-0.3679785190490015
59.14,1.7390089196902851,-0.030612754018534
59.160000000000004,0.7543251890690716,0.3608643489572676
59.18,0.8229218901623887,1.0180393167044974
59.2,-0.5906974860852253,0.9921178483466888
59.22,-1.0420563998733903,0.9332471985554631
59.24,1.5956958299227435,0.4636719001412052
59.26,-0.2242940032305769,0.28341817844066686
59.28,1.2280472082673917,0.40838441926819125
59.300000000000004,1.39727714304653,0.5555282671268618
59.32,-0.9714597859818933,1.1065849069977238
59.34,0.020916235862485505,0.7944013098563012
59.36,-0.5715063237523835,0.9186322187484036
59.38,-1.175724000335303,0.5285218984844335
59.4,-0.5587010457118482,-0.17122419062838667
59.42,1.1841862891218389,-0.3855948051400584
59.44,-1.5791981553897358,-0.41346430397212847
59.46,0.5832538117671983,-0.32573380108013666
59.480000000000004,0.30371435255539864,-0.549412999152892
59.5,-0.5779333491167281,-0.35647529411343704
59.52,0.19822406430494519,-0.14562475781215578
59.54,0.3556200436213553,-0.09468244510699225
59.56,-0.7337782065958375,0.06336604308472063
59.58,0.7686728169201472,-0.06680106344547411
59.6,1.2653256236234616,0.018192644601942587
59.620000000000005,-0.85041529505512,0.1773968606302008
59.64,-0.00662568164530405,0.4591568586106352
59.660000000000004,0.11354022112463873,0.21000895966535785
59.68,0.7959852282804109,0.2534211263742666
59.7,1.8394149855730975,0.5787080733646716
59.72,1.9872200065775858,0.9052327235784214
59.74,-0.5433022119625529,1.5677133128083645
59.76,-1.2212267609483545,1.6741803141671998
59.78,-0.8897383522012866,1.15994077722809
59.800000000000004,0.8103875240930623,0.3080726762312815
59.82,0.6723574633467061,0.2170536784494419
59.84,2.4557048679820097,0.4335086093453576
59.86,2.376297329023371,1.0096780644691599
59.88,0.8007645791479608,1.6794402440368372
59.9,0.372095217018491,2.0355563378858847
59.92,-0.48542359670177054,1.954129889733835
59.94,0.8552508488024445,1.9577470906453005
59.96,0.1915373578518897,1.4935033703207554
59.980000000000004,-0.537000897743543,1.1834924343651887
60.0,-0.441865219149832,0.9255399782482895
60.02,-0.9105821236353095,0.6059449137362676
60.04,-1.696447069818385,-0.038335360466719814
60.06,0.6778346006568132,-0.8078908937609718
60.08,-0.15447142479833895,-0.5952417738463583
60.1,2.0410640505692452,-0.7902242908831336
60.120000000000005,-0.30913911779655345,-0.03321787688074852
60.14,-0.6693546077554877,0.26828721640022246
60.160000000000004,-0.2049166629159126,-0.08295357695478273
60.18,0.2715298868526737,-0.06785950381801668
60.2,-1.1111242128951007,0.051261249405670034
60.22,0.6018354429418983,-0.04478238182030475
60.24,0.28243817296132867,-0.32654237903769334
60.26,1.305138678292972,-0.0805349070666652
60.28,0.02938069649513803,0.4249908599267158
60.300000000000004,-0.24406142657716764,0.5491887759442367
60.32,0.09196336577003397,0.3592289598095266
60.34,0.5180920643188469,0.2918380219592681
60.36,1.2666368228838603,0.5514422182192776
60.38,0.32296161778332966,0.42464632817880577
60.4,-0.3839651251405959,0.953757492007664
60.42,-0.3312715066509016,0.5402989456261911
60.44,0.4476371371274722,0.6922672990149523
60.46,1.1362903507441546,0.3766037881282545
60.480000000000004,-0.11886551621339472,0.4106508754544593
60.5,1.1178776890063047,0.8427542315417287
60.52,0.07843389564474462,0.6933057676741128
60.54,0.9414015095383783,0.9859093604913727
60.56,-0.5200113166104932,1.0892205655620106
60.58,-0.7799371632839932,0.9092667597980714
60.6,-1.7844874655382592,0.6000951472662747
60.620000000000005,-1.2148517663397116,-0.07894202929945116
60.64,-1.2747530431916783,-0.9671078447061578
60.660000000000004,1.226003687423844,-1.2142715076029091
60.68,0.08236021028211886,-1.0419213186088956
60.7,0.32091451574217156,-1.05392510467203
60.72,0.1991379646893568,-0.5483567254411272
60.74,0.08333467292466734,-0.012369833390743185
60.76,0.3053148697276848,-0.031559628731970456
60.78,-0.8083442075985676,0.23685997047909668
60.800000000000004,0.477498013361128,-0.12240414950345996
60.82,-0.5734970567247171,0.010751002038293902
60.84,0.2402535915624542,-0.2715439741284804
60.86,1.1186340558255157,0.05967494271475621
60.88,-1.0554651124644885,0.2167835234142509
60.9,-1.0013221429719863,0.15471166514564802
60.92,0.06592765504164012,-0.2433081920905076
60.94,0.5273431211437755,-0.5524474833353694
60.96,1.109608065885625,-0.38877543895854233
60.980000000000004,1.0612763919927901,0.13623035381650017
61.0,1.059181098263047,0.6449174937537012
61.02,-0.8317371019188664,0.8369909228074937
61.04,-1.0758516312993847,0.7905189050805985
61.06,-1.7670713797787414,0.38572233791494637
61.08,0.5677492861437973,-0.21127935388903296
61.1,-0.4428574492887471,-0.4780738393632169
61.120000000000005,-0.14997352609563494,-0.8277567789901176
61.14,-0.39248832790181,-0.3635559683098312
61.160000000000004,-1.4591527050753699,-0.6626610715319537
61.18,-0.19725589170898608,-1.0037615504117918
61.2,0.6482900339992579,-1.095870828737828
61.22,1.52815019770448,-0.4431782770412975
61.24,0.7556523404505192,-0.3267721032915869
61.26,1.191008219473951,0.36386542656990867
61.28,2.123514068136443,0.8089551922970748
61.300000000000004,0.170899283079471,1.5347860354042326
61.32,0.7611714270873287,1.7836333651140432
61.34,0.8345908388784063,1.9604305172674097
61.36,-0.07148885835744104,1.6498166841742348
61.38,0.3832807113495518,1.3950244212118554
61.4,1.3059237905345695,1.1647647726057768
61.42,0.6074084273318355,1.3187176218496026
61.44,1.5295389845100968,1.2587622499493343
61.46,-2.0643857580176754,1.534465325420207
61.480000000000004,-0.6435350658415879,1.191791803489246
61.5,-0.607408866766573,0.6177795927145318
61.52,-1.1968357605295885,-0.06321981908493787
61.54,-0.40223081065823363,-0.6379474900124575
61.56,0.8362766888989773,-0.8411694127993559
61.58,0.6647622482280086,-0.5989867238567714
61.6,-1.5176085663903238,-0.45376929615866224
61.620000000000005,0.6138146963140674,-0.40032431203340196
61.64,-1.6488689685293505,-0.38267530180541676
61.660000000000004,-0.9904157415903179,-0.8304183571601196
61.68,1.5560770943856046,-0.9248333913816844
61.7,-0.6625047248309962,-0.8990335638047982
61.72,0.5553769448691896,-0.5572737822787446
61.74,0.23941416621954628,-0.4525002116125186
61.76,-0.021566724708675426,-0.14314781833085505
61.78,1.0296839824464301,-0.050075834718209755
61.800000000000004,0.9957535458978614,0.29519908488151664
61.82,0.6688908143978247,0.6666025605717478
61.84,-1.3196503130162547,0.8910491741849446
61.86,1.1963303040716087,0.5505845086650576
61.88,-1.734055062036324,0.6759733489021472
61.9,-1.6083615910623004,0.16325521415635214
61.92,-1.9901884176291207,-0.25410508156343775
61.940000000000005,-0.3470140723629203,-1.3376699810744115
61.96,-0.42769212112022253,-1.6251808683019557
61.980000000000004,0.9865747915073211,-1.6698787683307479
62.0,-0.6333150948546594,-1.1867289405781412
62.02,-0.28793442036200956,-0.7863954895044563
62.04,0.8212493680802041,-0.745933432422563
62.06,1.5742580655994836,-0.6797154657297257
62.08,0.11493993613758945,-0.019296180646775213
62.1,0.14282614671288693,0.5052558511259833
62.120000000000005,-0.9834601996729899,0.4505434070006034
62.14,0.4417615103975626,0.4725258422117742
62.160000000000004,-1.083965817064059,0.15396777620266855
62.18,0.03356595834420288,0.02772606493963649
62.2,-0.8197050665306167,-0.2924134692342612
62.22,0.8003479275524836,-0.4704730401531061
62.24,1.4801965527741343,-0.6793552140020817
62.26,0.2486618519316544,0.24450459501971875
62.28,0.33407704202810706,0.5227735008978411
62.300000000000004,0.5507364247156459,0.37587238253008076
62.32,1.8001181306658325,0.9120079189481185
62.34,-0.12502248007606218,1.0122860154103743
62.36,-1.6104425533275297,1.419291717784664
62.38,1.8074059319755262,0.5712131286339779
62.4,0.8485877927574631,0.3899178269573389
62.42,-0.9266717586791657,1.1666689480773969
62.440000000000005,0.3165341104410781,0.6591471840855542
62.46,0.2541778316068765,0.664152333810787
62.480000000000004,0.4910479312382226,0.5073263299631242
62.5,0.5561811245372638,0.5870280350640634
62.52,-0.1108322449203819,0.37851071390140856
62.54,0.9212995719972866,0.5782567163229885
62.56,1.170716316246078,0.7835121176094613
62.58,0.47889507422387617,0.6721571052586401
62.6,-0.5908986232555026,1.1307301982663194
62.620000000000005,0.8975695014946304,0.9046929805059091
62.64,-2.3125633310031555,0.72415458891405
62.660000000000004,0.5776006925166632,0.5558055991152567
62.68,-1.604621764209924,-0.17518246692016884
62.7,1.0297429829248985,-0.28941474737701095
62.72,-1.246856637820169,-0.5920343015073548
62.74,-0.27581463754925706,-0.6718779817867829
62.76,-0.5143339588622418,-0.9062099266048166
62.78,0.8693127816655566,-0.8306375905876863
62.800000000000004,1.2124153177379569,-0.9028358217960455
62.82,1.236750979483904,-0.04262936884604629
62.84,0.02850408852515016,0.6046305234950589
62.86,-0.15001042732421319,0.7748118028267607
62.88,-0.7343675426535947,0.6959625107806469
62.9,-0.6033247419718177,0.6184871028202108
62.92,-1.523605282941373,0.1389342479592302
62.940000000000005,0.525303349713742,-0.34305249864717624
62.96,-1.9013625927708158,-0.7257007973007831
62.980000000000004,-0.7529764812481575,-0.8634718545549548
63.0,-0.07935686514291714,-1.3936210050216944
63.02,1.0879200438398478,-1.0749104893914099
63.04,-1.1882481263703304,-0.9102320714126706
63.06,1.0087844184948123,-0.7711257124590027
63.08,0.5821777235963933,-0.4167630485894323
63.1,0.3525919859235736,-0.03968094424826744
63.120000000000005,-0.48389767308588066,0.12582476931152126
63.14,0.6807093060635594,0.19377559226199265
63.160000000000004,0.12379699350315086,0.44820590462271137
63.18,-0.09562491104709527,0.30538927896171963
63.2,0.6825407861043193,0.6075573585284653
63.22,0.4895880787860064,0.45128122202684373
63.24,-0.6158401312138925,0.4667206188733016
63.26,-0.9291246373734295,0.12174070063077991
63.28,-1.5517593252808004,-0.016321248862570595
63.300000000000004,-1.3411586484009694,-0.6799686161140239
63.32,-0.16051574368247343,-1.251522918133539
63.34,-1.6597680139878614,-1.3018295111800644
63.36,-0.21509047699977993,-1.2336541311554892
63.38,-0.5769974927449603,-1.574694877773938
63.4,-0.6876375041446131,-1.4568028094786691
63.42,-0.995908837715886,-1.463717431875471
63.440000000000005,-1.4097714560460195,-1.566101213691715
63.46,1.5373846271052822,-1.4765445435885467
63.480000000000004,-0.6603937134067388,-1.4786380123153566
63.5,-0.46015476112600556,-0.8484140121635825
63.52,-0.6504975631997014,-0.8602124387834096
63.54,-0.5104648665439802,-0.8433096741490202
63.56,1.3017559398350265,-0.8675514565033596
63.58,-0.4766989403497211,-0.342761212783784
63.6,-0.5191159791031917,-0.005951302398181091
63.620000000000005,-0.4718145928073716,-0.5066864535295572
63.64,-0.20599503236762587,-0.49656243444786197
63.660000000000004,0.6618550245773324,-0.4726835436984654
63.68,1.1598625292581803,-0.3674912097159455
63.7,-0.5075486616509262,0.14730567513633103
63.72,-0.712119930308225,0.3050186490848709
63.74,0.4198065926871457,-0.03958792135059083
63.76,-1.836989232345986,-0.23220105939461677
63.78,1.3318095212576588,-0.4452990595499826
63.800000000000004,-1.723116426934946,-0.31665408957732105
63.82,1.0793612215826467,-0.4586068290531985
63.84,-1.2469706011035038,-0.41536751759147233
63.86,1.4760007730381843,-0.6605830605124171
63.88,-0.3925444088517954,-0.21268965821624725
63.9,1.2317719991063565,0.009387037916720131
63.92,-0.4191093950456605,0.29639111809172525
63.940000000000005,-1.418146035423437,0.36842730128408696
63.96,-0.8947989885635824,-0.02122378713655034
63.980000000000004,-0.5030775252678148,-0.37511720641692303
64.0,0.772533799347801,-0.5188676032049995
64.02,-0.8276796746612783,-0.5377284826387984
64.04,-0.8776288582893436,-0.750009858843876
64.06,0.24137406532291833,-0.804766889572026
64.08,1.0842754484063237,-0.8564087763459035
64.1,0.08510402414681464,-0.0545702518241869
64.12,-0.9066172142506819,0.07816217665293215
64.14,0.5462874991408858,-0.1301520714016974
64.16,1.273909158602956,-0.12454783605955394
64.18,0.738422497756893,0.4133847486408485
64.2,0.14746484687068848,0.7401113389409572
64.22,0.6256440043986202,0.8225117599494975
64.24,-0.723943234780682,0.9902081176971567
64.26,-0.2314920084195367,0.5128642762199264
64.28,0.46806599804494325,0.24284798001814056
64.3,0.19831922671786967,0.507109179740451
64.32000000000001,-0.25552654122744956,0.3399769461133277
64.34,-1.333810264567562,0.22390459832235235
64.36,-1.8155031263008643,-0.11173159241394649
64.38,0.22383735524320705,-0.8123613688177926
64.4,-1.0172206151194252,-1.1975140786799165
64.42,0.5646256034665085,-0.8836289737090433
64.44,2.3000949907192774,-1.0502120915157473
64.46000000000001,-0.5954241497857125,-0.3482424069336768
64.48,1.3937943663917116,0.046512667275880465
64.5,-0.16055318168383728,0.7446679752054288
64.52,-0.10680945045533241,0.9554562913608662
64.54,-0.4738231569571526,0.6618542935936075
64.56,-0.6261690326320952,0.5236390295813043
64.58,0.09416241290665586,0.04928876718865719
64.6,-0.15639122595272337,-0.29181747622801124
64.62,-0.5502903362541777,-0.10554818702680825
64.64,1.040805361270939,-0.10469198630881907
64.66,-1.001793876159529,-0.3057241532111104
64.68,-0.6923098336199682,-0.22199327807533092
64.7,-1.3211211373683522,-0.2213791800404836
64.72,0.34196377691613,-0.4669343919220593
64.74,-0.3370602749466708,-0.9165299255590602
64.76,-1.790397693782369,-0.9188842063549536
64.78,0.02058130183532287,-1.1407952723492938
64.8,-0.5220798878073956,-0.9665550898156289
64.82000000000001,0.4528061981007318,-1.3440397902780987
64.84,0.033337239495073286,-1.062797291162402
64.86,-0.14944129440716133,-0.7611539685243247
64.88,-1.5500325737794167,-0.2580613946236675
64.9,-1.8233381239300746,-0.6966585871588278
64.92,1.4512999563326925,-1.2261821265168393
64.94,0.08262221676043766,-1.1496779173858178
64.96000000000001,0.9891731406243433,-0.7937419239782906
64.98,-1.5406792641351426,-0.13432988379872002
65.0,-1.1636529481419147,-0.4450421387119122
65.02,-0.8314914342267551,-0.6145641049927718
65.04,0.027422004951986826,-0.7825264173742292
65.06,0.03934023030908216,-1.095720338843365
65.08,-0.03441573898444521,-1.0084890346361253
65.1,0.4778345634576332,-0.6510723914012633
65.12,-0.5029859592743384,-0.5290664863666508
65.14,-0.7421422931845842,-0.5979111682113873
65.16,-1.416922531758631,-0.4502016848373476
65.18,-0.4146248129731703,-0.6917255229583696
65.2,-0.3019599336759854,-0.8026791927820831
65.22,0.06679870160148695,-1.3164699401906088
65.24,0.018178784385577546,-0.8641745753452992
65.26,-0.3379668578808405,-0.7904392531821046
65.28,-1.0516827170365945,-0.7012252553658453
65.3,0.6326276541984699,-0.8849433233653521
65.32000000000001,-1.0708938409339783,-0.6878855164502852
65.34,-0.4955771168302918,-0.6906360447621295
65.36,-1.0618880148685905,-0.38650088756367085
65.38,-0.6508822085839017,-1.037560975202666
65.4,-0.25844525319173184,-1.1830293451838523
65.42,-0.35353569377928007,-0.920736523059577
65.44,0.577062666066808,-1.2076163391515984
65.46000000000001,-0.718045049577073,-0.9297497324515092
65.48,0.8519435519035081,-0.8158229162404764
65.5,-0.3910744325312305,-0.3824088543049506
65.52,-0.8558198830579363,-0.31291059785039055
65.54,0.8477773324849782,-0.5036190309442519
65.56,0.44241292132089427,-0.6191754033711607
65.58,-0.1477266205584714,0.07078752108808171
65.6,-0.09444638755222436,0.011233141138928773
65.62,0.6737060961059547,0.027019247649551617
65.64,1.4505100101440984,0.22218209468240474
65.66,0.9430715374041201,0.5971739487486423
65.68,0.4569471053551198,1.0746003043950947
65.7,0.5133878834551515,1.3137095598505883
65.72,0.7826369639213516,1.3120730865262173
65.74,0.5462973002677074,0.9820052572774869
65.76,-0.7153221498677919,1.251445220822929
65.78,-1.7505405390111397,0.7985224683952588
65.8,0.07928657099374989,0.3356295489983961
65.82000000000001,-0.10113836123391315,-0.14204604720659736
65.84,-0.9979630076576864,-0.43447485414318043
65.86,-0.2958417450999142,-0.5951217110409326
65.88,-0.2601882092619849,-0.7086410595471886
65.9,1.5524538863117507,-0.7609894004922902
65.92,1.575265680619849,-0.43865246046292466
65.94,0.13822264436056844,0.45603442450894444
65.96000000000001,0.37435665190278933,0.7250259369585276
65.98,0.23486755896790376,0.7790572299886345
66.0,1.0714324549861518,0.8568159268307888
66.02,0.1257731002977641,0.9805160018059762
66.04,-0.13357695605940448,0.9313739543617663
66.06,0.44282042640418245,0.9740670488053307
66.08,-0.0171607838642689,0.845266759405667
66.1,-0.5939558703431831,0.5727026567953741
66.12,0.15263398185017704,0.3819240845743129
66.14,-0.3119364992581242,0.37763868680592705
66.16,0.56581768417397,-0.20084046417236434
66.18,-0.12961029919384323,-0.10950350474744916
66.2,0.5608808371333976,0.11991268177992087
66.22,0.2783790604903409,0.09285742115193035
66.24,1.6534211685573938,0.4096230257962245
66.26,0.5403008842303828,0.5742019561443185
66.28,-0.8372790519570821,0.7411811266901832
66.3,-0.19780606450317004,0.8851563936199941
66.32000000000001,-0.5016156080979354,0.472011162830757
66.34,-1.4865014399409233,0.160863257746987
66.36,0.5127606766900921,-0.4153079601416906
66.38,0.6591970287614564,-0.4326834024184932
66.4,-1.1471403032874983,-0.1245309246310354
66.42,-0.015145167949218621,-0.1443169708738141
66.44,0.019895657507573928,-0.2392099948175894
66.46000000000001,-0.7850915583187268,-0.3980977013218147
66.48,0.8750914232770869,-0.5342433870788167
66.5,0.2717767099501151,-0.0959594924032805
66.52,-0.05390539966197893,-0.12837747877046674
66.54,0.4519108087598716,0.4304220421225286
66.56,-0.27590713122587107,0.3187097402944953
66.58,-0.20786031657248408,0.06352909132081767
66.6,0.8663504489280051,0.030581358119667175
66.62,1.0882229702098685,0.05067018686683333
66.64,1.1299950228836266,0.3638538502755704
66.66,-0.7128950382580128,0.6191029910366452
66.68,1.1405488952856324,0.7013759111501818
66.7,-0.11830464983963261,0.9867790759457339
66.72,-0.49719143245118497,0.8802921097861998
66.74,0.30871833289843803,0.8131813385921036
66.76,-1.7766989581702735,0.21917227150268934
66.78,-0.109672161379824,0.17689486861578907
66.8,0.5501214739103251,-0.1739517448030789
66.82000000000001,0.3792967924034959,-0.38667788501131206
66.84,0.20376051534200817,-0.3139386275886543
66.86,0.4398630004978117,-0.13992306851433756
66.88,-0.7257125673939705,0.4232246238009175
66.9,0.08723234738212268,0.020738238273664097
66.92,1.7399890572476695,-0.22759308894035776
66.94,0.9062726109346732,-0.0008313760050858154
66.96000000000001,-1.2796442760489706,0.6196930788562648
66.98,-0.990299241578527,0.7135771402874583
67.0,-0.49913670912376795,0.30965512459944844
67.02,1.4432873470739593,-0.3644559076271634
67.04,-0.6632966697915779,-0.19325700696028875
67.06,0.40999793851981997,0.11514871166107563
67.08,-0.17573901862547783,-0.1365907224737288
67.1,-0.4138730074577974,0.09716293596058001
67.12,-0.27426525560059195,-0.09849247501705358
67.14,0.057254963923083435,-0.2408595734398556
67.16,-0.7035309541622246,-0.1987549797479965
67.18,-0.001692141010017406,-0.3631080548350005
67.2,-0.1384796134882661,-0.3222033112877788
67.22,0.44646291876819794,-0.07247354882620227
67.24,0.055686668374889704,-0.27140722270931206
67.26,0.7897591226769383,0.05148098041408003
67.28,-0.43967310545417454,-0.005748904957521117
67.3,-0.3508673031637061,0.11609538394787706
67.32000000000001,-0.6960434427547074,0.3533893240928718
67.34,-1.3982874677941717,-0.05174715927825177
67.36,-1.5986372626857919,-0.4579695643059123
67.38,-0.8933415079600282,-0.9805199463911376
67.4,2.219067281309452,-1.611244729322765
67.42,1.0091110694786238,-1.229503780476356
67.44,0.589624905442646,-0.17329014351914473
67.46000000000001,0.4507444703364881,0.16423607084726966
67.48,0.9782840986783828,0.7683438034354076
67.5,0.710243561134174,0.7487043848450529
67.52,0.5622323543750375,1.3215555650692625
67.54,0.4337076222281799,1.2337983667872587
67.56,0.6309258858858936,1.0621358510584427
67.58,-1.056314774502,1.2714203016713548
67.6,0.7490927734512186,0.9498233576102859
67.62,1.1592363972202944,0.4215723396358425
67.64,-0.14201866238033553,0.9614824106351867
67.66,0.1292585442601182,0.9884832138986295
67.68,0.3312959071905637,0.9735903600455793
67.7,-0.5168207342584992,0.9459699204809568
67.72,-2.369942721083197,0.2816381316193348
67.74,-0.584618931973575,-0.30324065961725494
67.76,-0.6860431372101686,-0.9261804359485782
67.78,2.445264472543571,-1.066519109359955
67.8,-0.46119427347983166,-0.73478020909628
67.82000000000001,1.4042835684174715,-0.14072837291527976
67.84,-0.4711721371985223,0.33489585940071576
67.86,1.0049641819839468,0.737277015918494
67.88,-1.7619056831520583,0.6770657174060046
67.9,0.09827796054873726,0.2652588250317083
67.92,0.5892489221901719,-0.0025626506197400888
67.94,-0.21810379147776304,0.1045972906704078
67.96000000000001,0.4883808952915896,0.018833424890863076
67.98,0.795988252547993,0.21174578437169336
68.0,0.9391704155856153,0.29514511052096554
68.02,-1.3366576938689996,0.8650592996865221
68.04,0.7799539519486833,0.4518162169047304
68.06,-0.1383629781922283,0.2401056197737838
68.08,0.10383609037371681,0.10978903329009274
68.1,-1.3740346291900059,0.08275142760987694
68.12,0.6723939208635606,0.00854447327370346
68.14,0.07364947576410029,-0.1482220911439386
68.16,0.8795246344527798,0.03436289666789591
68.18,0.9654082574384855,0.0753257585013428
68.2,0.31099270505710414,0.6449488186121429
68.22,-0.27680155012104934,0.7918020269366545
68.24,1.535881316402166,0.7811618717983652
68.26,-0.5855296675439874,0.8916295436565824
68.28,-0.26796822724876795,0.8079996930164226
68.3,-1.268756115108279,0.7148109890722087
68.32000000000001,-2.1791327112416394,0.24869999001060863
68.34,0.18579028653357638,-0.5359451558286972
68.36,-1.3859500777519034,-1.2066940348136854
68.38,-0.11310698108501062,-1.2939236941484378
68.4,-0.30224862432783867,-1.356527601659142
68.42,1.5035299516092888,-1.3852752083282731
68.44,-0.21634907159424374,-0.8142556257489236
68.46000000000001,-0.8311569443009404,-0.15334893669536734
68.48,-0.39026657017405736,-0.4107435375741688
68.5,1.509988308054402,-0.22055934938363578
68.52,0.21416733430656018,-0.13806586159860376
68.54,0.6089842960891512,0.2042594574260913
68.56,-1.831534535254029,0.3906143720996861
68.58,-2.0005897304941738,0.08195556897533703
68.60000000000001,-0.26003238974660325,-0.6091177520825467
68.62,-1.1053344301966803,-1.1979355031186352
68.64,1.4434620343373659,-1.1213203919995922
68.66,0.6031021414001483,-1.0591266053401727
68.68,0.7336328674655533,-0.36440039052743184
68.7,-0.7621019892620473,0.12184283074865843
68.72,0.570149345118992,0.12665469546147654
68.74,0.66026110013868,0.04280836905086349
68.76,0.6781206380214059,0.3276215411703363
68.78,-0.7867605627367046,0.5617430681796973
68.8,1.154822630123953,0.36165011670130326
68.82000000000001,1.3005630585765249,0.34566638037610703
68.84,-1.602570381166507,0.9913730823151622
68.86,-0.6567448792832851,0.4952823862701611
68.88,0.3054777240964569,-0.0916301121234282
68.9,-1.1447812965344524,-0.21700519068751672
68.92,-1.2959811394366543,-0.42200841613519424
68.94,0.8653261167706349,-0.9911002816722443
68.96000000000001,-0.707787608607072,-0.5494535321687406
68.98,-1.197861524855763,-0.7886083611394644
69.0,-0.06891398110832676,-1.1261712899772705
69.02,-1.6417385312280117,-0.9440689834342314
69.04,-0.10769260544335647,-1.2434586032133015
69.06,-0.7485118743684309,-1.2895949195303673
69.08,-0.8999828861530276,-1.2127618818490333
69.10000000000001,0.24156998529501375,-1.5291216989077165
69.12,-0.6180909610596694,-0.9475925242377998
69.14,-0.4622681166516166,-0.9515146096229589
69.16,0.9427208975045469,-0.8431896797608055
69.18,-0.32985041036909296,-0.7930454787558272
69.2,-0.2913056555658995,-0.46153566239735
69.22,0.5073413849049427,-0.43656539287357793
69.24,1.506526416361378,-0.24675507516788006
69.26,-0.8144934289195626,0.19603423968206551
69.28,0.10065001712406768,0.2240862711890204
69.3,-0.558107607862667,0.10361243566551478
69.32000000000001,-0.09392313917197144,0.06346121513702341
69.34,-3.1389187203587863,-0.006479591945824564
69.36,0.021532789120666408,-0.7833496421462682
69.38,-1.6340793571668624,-1.0532082763200508
69.4,-0.8697671902551564,-1.3852655933339546
69.42,-0.39234607548042094,-1.6578420983464484
69.44,-0.5965430380423571,-1.9460325942476162
69.46000000000001,-0.13684251695600402,-1.5920037175012962
69.48,-0.8953240289260631,-1.271775794676847
69.5,1.6898279916785448,-1.2350015644667913
69.52,-3.430919712476461,-0.8701972411335016
69.54,-0.9769354011962091,-1.0698018233677
69.56,-1.097447404014804,-1.5240478844844028
69.58,0.5508312270714245,-1.8422534202584273
69.60000000000001,-0.983230020044099,-1.7688078186629022
69.62,0.147588152741591,-1.170808662914722
69.64,1.0626298526070987,-1.3713878688780377
69.66,1.6740120521233282,-0.8221670940128362
69.68,-1.1476346823925228,0.0010605278155414836
69.7,-1.5755547711707807,0.07030180472642647
69.72,1.3485731405210417,-0.13254603987799837
69.74,-1.7463371272044934,-0.49415955080908597
69.76,0.8435764819588544,-0.27047381659605657
69.78,0.11521558480746032,-0.5231652659797886
69.8,-1.5848456323799789,-0.033216688183002496
69.82000000000001,-1.0762378271828004,-0.42315655871274044
69.84,-0.8493429937223334,-0.7523465450509257
69.86,-1.3083035911975136,-1.2581868046802105
69.88,-0.40389429458122095,-1.49646157113434
69.9,-0.46896248952445985,-1.7331975084925086
69.92,-0.1070738206589223,-1.4850749738526827
69.94,-0.7351637935009881,-1.0395869148436774
69.96000000000001,-1.3825011476357534,-0.9511915314788566
69.98,0.45739883429212796,-1.2593107349141346
70.0,1.2251997644491963,-1.2718441639370295
70.02,0.20575685675693972,-0.6765984218459128
70.04,-0.6704319536656028,-0.22479346496852448
70.06,0.25869668414110997,-0.03461132324298484
70.08,0.1556637073403275,0.06055839884866224
70.10000000000001,0.43422772285118433,0.09003443408609685
70.12,-0.39589216403187144,0.1984838087951896
70.14,-1.9363967267063966,0.029285343766874333
70.16,-1.7583235987670058,-0.12858367940645601
70.18,-0.9764725840012214,-0.9457416629053395
70.2,2.1886052716239317,-1.5757440880007187
70.22,-0.279350637997228,-0.9979993447630556
70.24,-1.1606392088802497,-0.6921703085530121
70.26,0.597969899789238,-0.7025961917684861
70.28,-0.09964783609629277,-0.49392882113629893
70.3,-0.39966653276638436,-0.543577731781964
70.32000000000001,0.2517789657961385,-0.29062905743954587
70.34,0.0251930924767939,-0.11933899501343881
70.36,-1.6836604901675405,-0.3478435079579075
70.38,-1.2384364181594179,-0.3348630269371334
70.4,-0.8880225455978983,-0.7457631756705919
70.42,-0.4333402730741126,-1.116624173879142
70.44,0.3335119084557657,-1.1976960761203441
70.46000000000001,-0.5109512899428629,-1.2070007723894152
70.48,-0.2632034666087794,-1.1495773766000699
70.5,-0.3776263009198582,-0.587791343414453
70.52,-1.3181282165141692,-0.6724509056870204
70.54,0.7897285208014748,-0.8756377081546273
70.56,0.23948337849755216,-1.0247382188951801
70.58,-0.5775838385588972,-0.5955812178655631
70.60000000000001,1.2870656366150468,-0.36743840061316185
70.62,-1.4431882391537783,-0.20698108407057852
70.64,0.3469198023176799,-0.04870755480511259
70.66,-2.4464968816194497,-0.28856217214742497
70.68,0.7204794599487461,-0.7976480241034183
70.7,-0.22917598887753965,-0.8790854103764337
70.72,-0.6074590430190814,-0.772878844387167
70.74,0.26207552929530553,-0.7464288432716588
70.76,0.6061420192664695,-0.4957973334216969
70.78,-1.7625654285985934,-0.5740427024741399
70.8,0.6780822135362854,-0.4655976829881111
70.82000000000001,-1.9964879411241727,-0.5398737552928167
70.84,1.9799667796785079,-0.8006469672182732
70.86,-0.08502450896690092,-0.7148175978283104
70.88,-0.007062979878896061,-0.28720576043956114
70.9,-0.010132477317825832,-0.07196806070363262
70.92,0.5105120063027966,0.36500878282949495
70.94,1.5879494041652849,0.022754261196590575
70.96000000000001,0.032868161614467636,0.19105755597511032
70.98,-0.5218905394019908,1.0483029040864804
71.0,-0.07281559149797848,0.8197128993661228
71.02,1.4788608796400926,0.3319307120883568
71.04,-0.7691611114705574,0.43186432048833756
71.06,-0.06371363471477821,0.6142333519672952
71.08,-0.35636820609522635,0.39927194717362424
71.10000000000001,-0.6355628266017438,0.16440783411061974
71.12,0.05476878990424424,0.14828284256051483
71.14,-1.3804892560194562,-0.20654124186808906
71.16,1.7035203732695263,-0.5266640840354515
71.18,0.4951857759143853,-0.6452599714138434
71.2,0.5462701462150863,-0.13722931785603873
71.22,1.7717379140952987,0.42733369831088996
71.24,-0.11447207488003669,0.9466762244507857
71.26,1.1290357130799829,1.0023031337572335
71.28,-1.1345531956418964,1.1669480981372198
71.3,-0.2295874635627102,0.8686259803897454
71.32000000000001,-0.08976525549204381,0.36109637336628786
71.34,0.288428703808766,0.7646985074678352
71.36,-1.699176633148658,-0.016986772051989008
71.38,1.0884019376429301,-0.14482140186120823
71.4,1.2045865288786746,-0.16896204276878632
71.42,-0.3578221025911793,-0.1067296501923192
71.44,0.6707403550857957,0.20110891426422914
71.46000000000001,-0.4296931358021852,0.34349440620004584
71.48,1.3797154491096104,0.4895120529376606
71.5,-1.2429340444298547,0.7462817668352748
71.52,0.49194798655397115,0.3647233744168374
71.54,-0.5507405691949269,0.27376687451116877
71.56,-1.0658384988569805,0.1099841197968464
71.58,-1.539849835428422,-0.28130184679921044
71.60000000000001,0.3349347222391138,-0.7909139143655685
71.62,-1.1236039843953047,-0.8417144269492067
71.64,1.2320547816045564,-0.8271641994655726
71.66,0.04785763473232798,-0.6979648936351014
71.68,0.5971244584977587,-0.59289113978333
71.7,0.5634795943357426,-0.2875230485871101
71.72,-0.8181683987374406,0.30875541667600725
71.74,0.1567514204611365,0.1611322111817591
71.76,0.3716513179204062,0.3346009165780738
71.78,-1.2467676842144397,-0.0020518370870441227
71.8,-1.333533070639609,-0.13092859075782298
71.82000000000001,0.18952737978763318,-0.5207654482822153
71.84,0.7566000384857227,-0.7091818224700113
71.86,0.2780864175927691,-0.44090927004569147
71.88,-1.0962774392997159,-0.22765883105241233
71.9,-0.7762822947988239,-0.4296232061454869
71.92,-0.858811567835801,-0.3774601266930284
71.94,0.7676117863191091,-0.7977047301903718
71.96000000000001,0.3600610103284047,-0.5469288407813102
71.98,0.23336756216141366,-0.24344387520216423
72.0,-1.0445688794040038,-0.10265681574609328
72.02,-1.4071923443869097,0.003667839420975566
72.04,0.5894185907738972,-0.7990047612555302
72.06,-0.27048414272406135,-0.8010056644982004
72.08,-1.7930573350026517,-0.6364365440505702
72.10000000000001,-2.123040351467875,-1.1244228703854438
72.12,0.6331194125667389,-1.5895542619069853
72.14,-1.750610582780117,-1.2573024228777976
72.16,-0.6865276530359393,-1.5548323831791473
72.18,0.7499373496474275,-1.7694402020401174
72.2,0.37740432364906334,-1.4852224717533677
72.22,-0.1651343256155551,-0.9270532725674983
72.24,-1.4549257234411102,-0.5801338943933614
72.26,1.2266974417441854,-0.6419049400131613
72.28,0.6753668901626944,-0.6501309445227408
72.3,-0.34987921249689985,0.1817170578829081
72.32000000000001,-0.06604141950065542,0.01252880975424444
72.34,1.9128207801260586,-0.09196102696133777
72.36,-0.158589849336493,0.3796857220570463
72.38,0.26125958661301135,0.7404484151227277
72.4,-1.0648037308008707,0.9796046549788298
72.42,-0.7497459385284583,0.272755437555509
72.44,-0.16237973437034486,-0.26258061223841445
72.46000000000001,2.182396275819519,-0.18416297998595926
72.48,1.6552295675172493,0.0767068156588582
72.5,0.6516749476751947,0.5573215949935519
72.52,1.8957076718906356,1.2649778678753674
72.54,-1.112099129779165,1.7942402539441609
72.56,-0.22608011970725614,1.576025295604665
72.58,-1.4564414897784543,1.0729778119431392
72.60000000000001,-0.495566657083866,0.39652235952597215
72.62,-0.5039321082427551,-0.2582635653965101
72.64,1.0250866979348277,-0.3032027207598893
72.66,-0.6808149613893038,-0.4899072546299912
72.68,0.25814824084938004,-0.3762033556787252
72.7,-0.07647093209221534,-0.09388447239709882
72.72,0.3562812726541069,-0.1979734203542537
72.74,0.8607935425974214,-0.16462104287055573
72.76,0.7414552321641955,0.3871360027405383
72.78,-0.37073307491717095,0.48890778688700426
72.8,-0.024078796692453854,0.38315036183421974
72.82000000000001,0.27854918528577255,0.15835950430183804
72.84,0.7845468509642965,0.47519287587938003
72.86,0.3103920292759255,0.47109204177981506
72.88,0.1043692354910979,0.8151298940529618
72.9,0.3343673271737788,0.41609512087213074
72.92,-0.40789708586401835,0.6793648818736211
72.94,0.5768252261549863,0.35717516189445647
72.96000000000001,-0.21626048544700593,0.4618988148613148
72.98,-1.6624801522689847,0.21460993348107327
73.0,0.8113512672554025,-0.1199102115288573
73.02,-0.1672065166250908,-0.1971063142508659
73.04,1.5976723378601185,-0.022418326890364437
73.06,1.6803005280216718,0.0026986808374733218
73.08,-0.5659200843083929,0.43403850718905584
73.10000000000001,1.3954500565239951,0.8889931591219927
73.12,0.767620704570117,1.0389074276598047
73.14,0.22158561785389663,1.4018981171270344
73.16,0.23605064612308282,1.359174323438366
73.18,0.8357706863504226,1.0274514825572074
73.2,0.08010060380696206,0.9302275759343939
73.22,-1.472994920501851,1.0460172683561686
73.24,-0.3300025994756379,0.3741386777760912
73.26,1.0115762627825788,-0.11733147050706608
73.28,-0.5102879151425566,-0.12275405476928948
73.3,-1.8332562689441119,0.14154747127038206
73.32000000000001,-1.3905090517637069,-0.5314148321719185
73.34,-0.40341695252477194,-1.0897537517423996
73.36,0.9552252593852439,-1.3430269688803869
73.38,-1.539847380534005,-0.8407948824336288
73.4,1.0695358570024163,-1.0429939264862083
73.42,-1.125053642499128,-1.0486257821832174
73.44,-0.9131397379498746,-0.7743988499809378
73.46000000000001,0.3296446546460769,-1.0977789397956912
73.48,1.7496688201399573,-0.9310961485290643
73.5,0.462988054883814,-0.22378401897279224
73.52,-0.5292481433572352,0.3925738348810076
73.54,0.11470019335414877,0.5296815218921872
73.56,-0.14307093965557888,0.1535273042766627
73.58,0.8478654749200949,0.08533489001631805
73.60000000000001,-0.8717554074648884,0.3261525150553602
73.62,0.9042917563686576,0.3160096278072774
73.64,0.12224874922062762,0.21210356920794451
73.66,0.5630093041426708,0.4127820176456142
73.68,0.2342885479371705,0.3517215129021836
73.7,0.4392561665280414,0.4008447778480835
73.72,-0.6266602878013506,0.9384301637291214
73.74,0.046403626897049625,0.022550208820118933
73.76,-0.6508675295387477,0.17028124655616456
73.78,0.7891138379046865,0.0984931190125562
73.8,1.051388060780008,0.2048636125015468
73.82000000000001,-0.12391053898459736,0.5026812227842232
73.84,0.7011468484057608,0.6077688700425479
73.86,0.8406186726689002,0.7627359828285428
73.88,-0.24033832209274344,0.9435840865031323
73.9,2.7555472921969155,0.8519329468525805
73.92,-0.33323280478264544,1.3430400343262883
73.94,-0.251131261460141,1.8191543532121162
73.96000000000001,0.003410260405794941,1.1770216575062507
73.98,-1.9309140709153643,0.7803297880529536
74.0,1.539348863433103,0.41833662081818185
74.02,2.0425674142589667,0.12938353723528506
74.04,0.22831847751257864,0.6686678500927834
74.06,-0.41572774376611904,0.6708014141208261
74.08,0.3122792888663826,0.684943241343792
74.10000000000001,-0.9372455932669731,0.7625420492018563
74.12,-2.178444231611055,0.3759503808938683
74.14,0.5011901058070494,-0.2278096301032978
74.16,0.5529120906607026,-0.7040058621603359
74.18,1.9834075987767148,-0.36784489237286366
74.2,-0.3291766827044474,-0.4855290248967514
74.22,-0.6243901086375252,0.32220175310660726
74.24,-0.32399870382619966,0.3208956683418242
74.26,-1.3427722391556984,0.0891342548497835
74.28,0.6886867370589234,-0.21555717820849926
74.3,1.7044569082308054,-0.5930592874321617
74.32000000000001,1.5723199619316073,0.11216881923013428
74.34,-0.48602661158754845,0.7607815375765773
74.36,-0.5785023854765997,0.9080368006224769
74.38,0.7443615017867706,0.5069630885000063
74.4,0.5203927632393727,0.24577176087536834
74.42,-0.6431697401436277,0.47594063132887976
74.44,0.7382481577354824,0.6245407466052548
74.46000000000001,-0.05460661859472484,0.3770630601882619
74.48,-1.12439395852399,0.3814494966601349
74.5,-0.47886833799229567,-0.019659999268682726
74.52,0.798985952582073,-0.26615212814185696
74.54,-0.45158550005834763,-0.23907614088074478
74.56,0.07276176820922613,-0.1832227272070026
74.58,0.9985937862327321,0.03601331090022211
74.60000000000001,-0.8628123890073148,0.09498223031428837
74.62,1.1624654894503534,0.03842099410572957
74.64,0.7439564554902983,0.2675486938646945
74.66,-0.5390447631493339,0.4854301231060219
74.68,0.03919744273692137,0.42247836866360516
74.7,1.3291105242114871,0.46242274633177394
74.72,0.8626026240592581,0.7684772407491259
74.74,-1.2002789168205992,0.9536684123338773
74.76,0.43758768165150613,0.4743073561564247
74.78,-0.593969436101165,0.32007212206869196
74.8,-1.464443602796773,0.19807478301704162
74.82000000000001,-0.3384880273328822,-0.2482114150548353
74.84,0.27591164420740943,-0.3873405533346519
74.86,1.256914549260871,-0.4426168967437478
74.88,-0.5711255400778085,-0.2845333135779399
74.9,0.20284379139917105,-0.06828021036032295
74.92,2.4748807523985294,0.02933489530478141
74.94,1.5234434175548008,0.6404790681827481
74.96000000000001,-1.0913531567917845,1.2591147638774174
74.98,1.0531414419290241,1.0243314618691834
75.0,-1.5825683698275468,1.1517039825746596
75.02,-0.48239082163983515,0.9448920056428592
75.04,0.12069641892030769,-0.29648230835608697
75.06,-0.44121255150779687,-0.09059751144093418
75.08,-0.0826485360253656,-0.09157880886500033
75.10000000000001,0.24261581956126843,-0.10888282889051756
75.12,-1.130709158049672,-0.24005439035971018
75.14,0.2753286689804229,-0.31660027880588354
75.16,1.3983837018864207,-0.5479630598740028
75.18,1.359949894415311,-0.3440110372505196
75.2,-0.3621705983637064,0.42064991529112133
75.22,-0.5605146182237114,0.9281806117472112
75.24,-0.7552857555117636,0.6059192915597406
75.26,1.4480420767647997,0.17263803637241054
75.28,0.7503266570644797,0.20071687615748574
75.3,0.31574745246983116,0.573198370546028
75.32000000000001,0.8185561117419229,0.6682345626888146
75.34,0.6397918934031891,0.7975559376053951
75.36,-0.04021862188076106,0.9057131565747796
75.38,1.3247383754194841,1.0440577483677347
75.4,1.364968750115604,1.282690390449781
75.42,-0.47805433584538853,1.4976683087860652
75.44,-1.0862835925952194,1.196081990613566
75.46000000000001,-0.36367577997120115,0.8250060637250749
75.48,0.8247476973724045,0.24907530326825955
75.5,-0.7075695795402159,0.38644909583495984
75.52,-1.0462569991833852,0.23699197850842624
75.54,-1.3392655314726576,-0.3520746797607013
75.56,-0.04643237596282925,-0.5171755699865737
75.58,-0.3334078419948252,-0.9232245377089161
75.60000000000001,-2.2583842688829847,-1.0016781943683122
75.62,1.1626239364612012,-1.4815921871710176
75.64,0.5349607111635803,-1.1771292026202773
75.66,0.3326234187751017,-0.6064323700198604
75.68,-0.19783503259304616,-0.16771176290337736
75.7,0.989269063079736,-0.16275834429901687
75.72,0.12386429185270509,0.27560372888844414
75.74,-0.08429611729033984,0.4950736913175453
75.76,0.8289034476847669,0.41718804858340186
75.78,0.8234458282415912,0.6032564503127243
75.8,-0.20116419873153063,0.9631121254595196
75.82000000000001,-1.2438239493194054,0.6982560826923709
75.84,-0.6871912649005564,0.36966743231427196
75.86,1.0498397887697872,-0.13074048085730716
75.88,0.3243317287483007,-0.2067092634445002
75.9,-0.623747822646944,-0.04029696447509494
75.92,1.6650867657127382,0.2770468428905157
75.94,-0.6121294120335302,0.27398073459489863
75.96000000000001,0.2853198890965725,0.1450154773224156
75.98,-0.3729822920401199,0.40805316532319413
76.0,-0.39854043631183395,0.22423138612581683
76.02,-1.1568295194886022,-0.10949347174801646
76.04,0.7777982673985239,-0.24072141101128885
76.06,0.3736608308857378,-0.3297646948403939
76.08,-1.0350437096525351,-0.37166808397841467
76.10000000000001,1.8374838283661454,-0.26422019902489013
76.12,-1.600900094256256,0.0724948007592256
76.14,-0.012605571964251718,-0.2310121443515881
76.16,-0.023280254668419646,-0.23636760068141582
76.18,-0.33132294953719044,-0.27674838568234006
76.2,1.1177184563619476,0.03778955888967073
76.22,-0.8176126305021942,-0.22785799928112277
76.24,-0.4093828968664134,0.05213854601175978
76.26,-1.4562064057352127,0.11889525623177308
76.28,0.8162195326980346,-0.7237559697358027
76.3,0.5920615522116799,-0.4338933027409404
76.32000000000001,-1.456118426703084,-0.138772575195359
76.34,0.510849455120306,-0.26362285143890546
76.36,0.2620934880720078,-0.541180694807257
76.38,0.9547263142997688,-0.40140171659147006
76.4,-1.0772349029990134,0.12285688892429736
76.42,0.8948391219010591,0.15729236540910724
76.44,-0.5574760532764795,0.06636472775951996
76.46000000000001,-0.529085587656723,-0.09901552940703688
76.48,0.7151878213427073,0.016556042978588745
76.5,-1.0217599387409504,-0.18067439797509577
76.52,1.7627011189550947,0.0910850935459058
76.54,-0.8817271495381729,0.26191686865911856
76.56,-0.33579779484615696,-0.07626451740922863
76.58,-0.975644987399075,0.003105427552881723
76.60000000000001,-0.008103219638650114,-0.38903821946921613
76.62,-0.4463035744671925,-0.4510645973936657
76.64,0.414913532949242,-0.43257229721398094
76.66,-0.4083125232307811,-0.3413386645683194
76.68,0.3089755480797769,-0.4115975665785215
76.7,0.3945437416671211,-0.34644976344557143
76.72,0.26307329759215536,-0.27333110526466603
76.74,-1.118120761425289,0.174398694765235
76.76,0.2680012350224708,-0.0970276366454992
76.78,-0.05768450604525448,-0.1642690365202714
76.8,1.2271501832974654,-0.5955578582100212
76.82000000000001,0.9949248568974548,0.362981396884628
76.84,2.065930747788092,0.599634623988418
76.86,1.9241297866206006,1.2480322564517188
76.88,-0.3340114647199863,1.5116707766877129
76.9,-0.4817226434349701,2.017793556583736
76.92,-0.3087818055784636,1.2882761444854043
76.94,0.710094390380955,0.6726091483155714
76.96000000000001,1.5742416031733117,0.7791488720726854
76.98,0.3289803014898514,1.1637706931866028
77.0,-1.6760050660347245,1.4009724946782687
77.02,2.2540895136930907,0.6356617893613105
77.04,0.697005267457294,0.6462348933685528
77.06,0.7278398556540424,0.9479544027393535
77.08,0.6293975701257738,1.10716878066009
77.10000000000001,0.04086600833302135,1.4962667492860908
77.12,0.12494572447635784,1.1584828249472807
77.14,-0.5959716599636959,1.1599448562189318
77.16,1.6288738305703994,0.38734157888267595
77.18,0.8369364467967555,0.7010544562260496
77.2,0.8796666543917194,1.1883133079154358
77.22,0.19655850603548203,1.4220697311275596
77.24,-0.9120141487827936,1.296202297866784
77.26,0.9003046160833343,0.8127989863502282
77.28,0.4436606130922999,0.866386266595606
77.3,-0.3851305372942619,0.5781502896779086
77.32000000000001,0.1174111986108024,0.45777246200395266
77.34,-0.36372316516829717,0.4186063906208596
77.36,-0.6812067651204663,-0.03706783521428614
77.38,-0.6704784103507987,-0.20261453217605183
77.4,-0.5570789066533173,-0.525532006356038
77.42,0.27183402106976046,-0.6831691947374077
77.44,-0.3165864433502499,-0.7161903833278345
77.46000000000001,-0.6035447142156717,-0.4762810833588252
77.48,0.43554937090685875,-0.6523255543782063
77.5,2.1966832076210854,-0.6271232853214684
77.52,-1.3965350959493954,-0.20492903915189287
77.54,-0.6176880746357171,0.07093457063332309
77.56,-0.2658781677980543,0.18797149408006233
77.58,-2.50166587873666,-0.16661319232806454
77.60000000000001,0.4054004260456725,-0.8025818548089929
77.62,-0.5292493751257984,-1.2316796706416886
77.64,0.04213757807361845,-0.974862463407108
77.66,0.221089385957123,-0.8417389800096327
77.68,-0.7253944560765222,-0.7500754918867685
77.7,-0.9365327924828307,-0.6948924849463244
77.72,1.304923475698585,-0.8444647107823243
77.74,-1.082347170599218,-0.22006330580129047
77.76,-0.40145627782469623,-0.24496103510984396
77.78,0.5055682999395223,-0.6075430966385352
77.8,0.8476395153546886,-0.4362093734778367
77.82000000000001,0.21081731879117552,-0.16289597804749997
77.84,-0.29936381081431523,0.18744165040405855
77.86,-0.4626666704320161,0.11160022155326745
77.88,-1.010569828639157,-0.07896283776296673
77.9,0.6988743584131456,-0.0867013953394212
77.92,0.9106116903317469,-0.41322844051031
77.94,2.2791089981344195,-0.10645154639343567
77.96000000000001,-0.11431491227311857,0.9831473168026993
77.98,3.6985103129963663,1.1114657971575395
78.0,1.3190678148071198,1.7121285702045366
78.02,1.5137008554498634,2.492909770066225
78.04,0.191310127570695,2.894854460996488
78.06,1.3744625140445013,3.034248128686892
78.08,-0.5025795982887797,2.2315256080583046
78.10000000000001,0.20569066123106222,2.180361426958016
78.12,0.9858766692613924,1.5307159849647867
78.14,0.4377305279885364,1.0317249506789739
78.16,-0.10185872705856985,1.059852902055315
78.18,1.634330358717574,1.0860474601142671
78.2,-0.5632043135450611,1.0791100207867828
78.22,-1.2339141119027885,1.2059116350243362
78.24,0.6583499370562272,0.5847699135925735
78.26,-1.084512602709669,0.22009821861903103
78.28,1.1418227731836184,-0.20815702371432068
78.3,-1.4727695044459126,-0.05113997463653039
78.32000000000001,-1.3542622020947528,-0.04854888723320705
78.34,0.46237156930148365,-0.4358866242234678
78.36,-0.7320822553615224,-0.8004466843957363
78.38,-0.47692083970735144,-0.9795278269158709
78.4,-0.3449112712205753,-0.9762423352923644
78.42,0.27801132998338834,-0.7436818479621036
78.44,-0.20057844087739957,-0.991686850850465
78.46000000000001,0.13510115207671664,-0.6310065735467029
78.48,0.3743261623397635,-0.5936039033848135
78.5,0.9884985256521333,-0.2034031893322967
78.52,-1.8172934503810831,-0.030827481192013145
78.54,-0.07179899413748014,-0.03445025304511384
78.56,0.7899311963586246,-0.06598500371224486
78.58,0.540637489152531,-0.2157307769069689
78.60000000000001,0.30577652838165975,-0.017281103959662508
78.62,0.14617963496198005,0.37033678536245035
78.64,-0.17808234496150144,0.43956712804471965
78.66,-0.4032066113129721,0.18130548698088908
78.68,1.2332651267424934,-0.07672627609157179
78.7,-1.6374379109154638,0.08241725905576983
78.72,1.0239311231881965,0.17046698061166893
78.74,-0.7962098709992979,0.027186412018104344
78.76,0.5132535689672586,-0.1964525267299584
78.78,1.2975288366817475,-0.2708928128409006
78.8,1.1136591734611276,0.4293861046372963
78.82000000000001,0.8060717922012585,0.8590562297809418
78.84,0.4551279251661461,1.3372833985675527
78.86,0.7960313463295462,1.1994744076238348
78.88,1.2048993344697385,1.4983829008957827
78.9,-1.0404919306533162,1.4606851856199359
78.92,-0.40841835568198104,0.9159771193968635
78.94,1.9238680049435102,0.6182256134273048
78.96000000000001,-0.5296384068781586,0.6044141900793009
78.98,-0.9965841043572147,0.703749724843174
79.0,1.1740711987905892,0.43685687472210627
79.02,1.0304382842676323,0.6355365473717536
79.04,-0.0460156543783172,0.586365007611294
79.06,2.143172871059549,0.8025104592191692
79.08,-0.07421561771146583,1.0821399785963108
79.10000000000001,-1.3276885187185032,1.2443823131758316
79.12,0.7868255568693887,0.8255682035472315
79.14,-0.7388479213923467,0.46637101517999763
79.16,0.11224087414198615,0.06313662848571111
79.18,1.597584008434755,0.18760239486528762
79.2,0.9200849393240372,0.24110592179523702
79.22,0.3514330463317242,0.38562770371264843
79.24,-0.983448628628896,0.8835350861725267
79.26,1.1311850785062163,0.6090079481114259
79.28,-0.6179711586301866,0.4593817259734251
79.3,-1.3041186457155174,0.4495747148070062
79.32000000000001,-0.1328698192699844,0.20307447379579854
79.34,-0.11195176338226454,-0.3227020965368791
79.36,-0.004120491841901247,-0.5925111822397628
79.38,0.4610966391743061,-0.22981722054756998
79.4,0.2957650820006929,-0.07180099160128908
79.42,-0.3692093695867454,0.0598400884631356
79.44,0.27326751821274325,0.03752672351559194
79.46000000000001,-0.15211491190923263,0.11036066151934924
79.48,1.2273334872725101,0.43357798085672583
79.5,0.14666004251541048,0.33078257180583837
79.52,-0.4809196192722338,0.5424848567207738
79.54,1.3187952665766938,0.7096925148265876
79.56,-1.552603946726763,0.354382714820957
79.58,0.8569301487485211,0.306271928799558
79.60000000000001,-0.12988129778973317,0.3821034404583309
79.62,-0.16379620115945484,0.11038283249661586
79.64,-0.636393773636689,-0.04746647582693567
79.66,-0.19860001516689355,-0.079741711147938
79.68,0.3161906181510661,-0.31108575913440095
79.7,0.6856011409055274,-0.25703767159945345
79.72,0.27359769253530536,0.1556352677689798
79.74,0.5267811565230192,0.4848352827226005
79.76,1.4353003304533631,0.21578400718585525
79.78,1.5116692179556765,0.4573803162960303
79.8,-0.05035072699831505,1.1629669124975117
79.82000000000001,-1.4776054485238532,1.5176397177100382
79.84,-2.1112983611725618,0.8691389972109301
79.86,0.5823894582148814,0.6034021963430863
79.88,-0.2876859256777512,-0.34273134510937225
79.9,-0.843718212784357,-0.7318671582124135
79.92,0.8008209022521557,-0.817257376214651
79.94,0.2559173432862588,-0.5156542570124555
79.96000000000001,0.6466994369823166,-0.47016692594146614
79.98,0.43013867840009906,-0.1517984918183747
80.0,0.7465290363741028,0.19703992849254864
80.02,0.924912867282335,0.5314488586699887
80.04,0.8569942378194021,0.9316376001386291
80.06,1.0406065542087775,1.0100518993843588
80.08,-0.4502501509326955,1.2424597710573764
80.10000000000001,0.5216040948605888,0.938166122973882
80.12,0.9830876667621431,0.9474616399380469
80.14,-0.6179205777856284,1.046760993877262
80.16,-0.2898784262643239,0.6650302699882223
80.18,-0.5497198291028744,0.598757349072955
80.2,0.3211964307904526,0.040769213100016743
80.22,1.0324280945525806,0.28871261617508054
80.24,-1.4641602534597078,0.5962963843535362
80.26,0.4967469066034903,0.3128045654528729
80.28,0.9849556477923157,-0.10877223910464091
80.3,-0.7638343447884652,0.11057626766780455
80.32000000000001,-0.49011154509803906,0.14895842376448615
80.34,-0.9971507450492666,-0.03526059794645864
80.36,-1.1420750742960701,-0.6843574035177376
80.38,0.4096972624580152,-0.7641033832440961
80.4,-0.6851008899986463,-0.8704634604301962
80.42,-1.9168013365573506,-0.8273476673130383
80.44,-1.1727941195139564,-0.8693754378499519
80.46000000000001,-0.39510846576311853,-1.4858521129711
80.48,1.521831076851827,-1.5462913665449658
80.5,-0.2303924440340809,-1.1723649484875238
80.52,-0.050572259966460274,-0.46109974658870073
80.54,-0.6111607529029719,-0.5216249284236342
80.56,0.6771735820914837,-0.1149876993873572
80.58,0.023371285031407302,-0.1850299063052171
80.60000000000001,1.3471835836994805,-0.3782241778297868
80.62,0.06735182058182883,0.42098060032630646
80.64,1.3878700747777215,0.6457976496087602
80.66,0.26680856830316646,0.5372866312366329
80.68,-0.9006170035737749,1.1517676614321513
80.7,-0.8132129631151608,0.794366466693097
80.72,-1.627990224302685,0.24312611830349445
80.74,-1.005812892717163,-0.625660388799907
80.76,1.2808138762885561,-1.2558499154249374
80.78,-0.21906183817447758,-0.9274562036671551
80.8,0.5052555601497108,-0.635194854293255
80.82000000000001,0.22944438851344845,-0.5733994080464828
80.84,0.49652342701857755,-0.26179007538591914
80.86,-1.857945000045221,0.04713456529623432
80.88,-1.3950517758772498,0.003731388855817558
80.9,2.9246576042398025,-0.4504919038966735
80.92,1.359538529565932,-0.27219209228346847
80.94,-2.289269075741016,0.432371148304004
80.96000000000001,-0.20613983066424135,0.41716490725527783
80.98,0.32314937418490974,0.11033150248040277
81.0,0.18611383924477287,-0.20344917608875734
81.02,1.307579672910701,0.15883203446054167
81.04,-0.04516563285157159,0.19519012363752825
81.06,-1.3813758547670991,0.6785737879292122
81.08,-1.3585219608366763,0.16103128553068596
81.10000000000001,-1.6190446180825941,-0.4480362118964819
81.12,0.02088142236304264,-0.8840824729161509
81.14,-1.2013093581394585,-1.384934334162646
81.16,0.7270713898946584,-1.1868333945778942
81.18,-1.1186683453417154,-1.2736967207867773
81.2,0.5595949667668769,-1.2685141817343413
81.22,0.012751033873257175,-1.0234653908389006
81.24,0.4537778114538479,-0.8180686587403271
81.26,0.7444029713745738,-0.4290003030981848
81.28,0.29855094422588546,-0.1122747188318518
81.3,-1.574772570506904,0.23323293293344283
81.32000000000001,1.149338551318291,0.033433550449352666
81.34,0.005235155361029401,-0.015146561236754473
81.36,-0.4138457425763716,-0.013460671607339325
81.38,-0.551037018018858,0.051120049033662726
81.4,1.124011899496897,-0.21643889779296693
81.42,-0.13754199034951942,0.10174070094957116
81.44,0.510119412156617,0.23214300025330453
81.46000000000001,0.9784606261501522,0.15081720154868167
81.48,0.4074945206254764,0.5896013725954958
81.5,0.2883623481344636,0.8224978566064363
81.52,-0.7042813022160221,0.6504729444743856
81.54,-1.2018132280613447,0.7754141937307983
81.56,0.05607510861298347,0.1969801284147083
81.58,-0.5118602471052155,-0.1309166168143997
81.60000000000001,1.4147957343708049,-0.3018159269498479
81.62,0.7154778356757722,-0.2210628792858097
81.64,0.43240470690904753,0.10879525485222821
81.66,1.6588894144627364,0.8903343162203252
81.68,-1.1020553679234886,0.7534772466354768
81.7,-0.6836922969619796,0.6709623738099403
81.72,-0.9300612279985968,0.48945387450358235
81.74,0.11106370422413572,0.012183268224012514
81.76,1.8270859679453004,-0.4176357773240994
81.78,-0.8939357629201925,-0.04343757110415217
81.8,-0.20650304968063965,0.04428628024985709
81.82000000000001,-1.6926689414057836,-0.009024692838618245
81.84,1.17553400270845,-0.003498705387491252
81.86,-0.11415237142150891,-0.38155471387154893
81.88,0.1709447445650795,-0.3133250646018929
81.9,-1.2068017454045383,0.11513929646530935
